Data-set,Algorithm,Support,Run-time,Memory,Patterns
B_C,ACO-GRAANK (2.0),0.5,0.0187,87.9,2.0
B_C,ACO-GRAANK (2.0),0.5,0.0397,117.3,5.0
B_C,ACO-GRAANK (2.0),0.5,0.0218,94.7,2.0
B_C,ACO-GRAANK (2.0),0.5,0.0244,99.2,3.0
B_C,ACO-GRAANK (2.0),0.5,0.017,81.8,1.0
B_C,ACO-GRAANK (2.0),0.5,0.0303,109.3,4.0
B_C,ACO-GRAANK (2.0),0.5,0.0548,101.8,8.0
B_C,ACO-GRAANK (2.0),0.5,0.0208,96.4,3.0
B_C,ACO-GRAANK (2.0),0.5,0.069,115.0,7.0
B_C,ACO-GRAANK (2.0),0.5,0.078,128.1,10.0
B_C,ACO-GRAANK (2.0),0.5,0.0345,113.2,5.0
B_C,ACO-GRAANK (2.0),0.5,0.0551,105.0,8.0
B_C,ACO-GRAANK (2.0),0.5,0.0233,94.7,3.0
B_C,ACO-GRAANK (2.0),0.5,0.027,101.6,4.0
B_C,ACO-GRAANK (2.0),0.5,0.0285,107.5,5.0
B_C,ACO-GRAANK (2.0),0.5,0.0255,100.0,4.0
B_C,ACO-GRAANK (2.0),0.5,0.0458,110.9,4.0
B_C,ACO-GRAANK (2.0),0.5,0.0165,80.1,1.0
B_C,ACO-GRAANK (2.0),0.5,0.0269,102.7,3.0
B_C,ACO-GRAANK (2.0),0.5,0.02,90.3,2.0
B_C,ACO-GRAANK (2.0),0.5,0.0222,95.5,2.0
B_C,ACO-GRAANK (2.0),0.5,0.0433,100.1,6.0
B_C,ACO-GRAANK (2.0),0.5,0.0353,112.5,5.0
B_C,ACO-GRAANK (2.0),0.5,0.0536,103.5,7.0
B_C,ACO-GRAANK (2.0),0.5,0.0266,101.5,3.0
B_C,ACO-GRAANK (2.0),0.5,0.0539,107.0,7.0
B_C,ACO-GRAANK (2.0),0.5,0.0372,115.6,6.0
B_C,ACO-GRAANK (2.0),0.5,0.0163,79.3,1.0
B_C,ACO-GRAANK (2.0),0.5,0.0209,92.8,2.0
B_C,ACO-GRAANK (2.0),0.5,0.0906,128.1,12.0
B_C,ACO-GRAANK (2.0),0.5,0.0224,94.7,3.0
B_C,ACO-GRAANK (2.0),0.5,0.0444,90.9,2.0
B_C,ACO-GRAANK (2.0),0.5,0.0399,123.5,6.0
B_C,ACO-LCM (1.0),0.5,0.4592,368.9,3.0
B_C,ACO-LCM (1.0),0.5,0.5184,407.6,11.0
B_C,ACO-LCM (1.0),0.5,0.4958,396.4,9.0
B_C,ACO-LCM (1.0),0.5,0.4457,356.2,2.0
B_C,ACO-LCM (1.0),0.5,0.4589,367.5,4.0
B_C,ACO-LCM (1.0),0.5,0.5327,406.9,15.0
B_C,ACO-LCM (1.0),0.5,0.5545,424.4,19.0
B_C,ACO-LCM (1.0),0.5,0.5339,411.4,15.0
B_C,ACO-LCM (1.0),0.5,0.4911,385.2,6.0
B_C,ACO-LCM (1.0),0.5,0.4985,390.2,9.0
B_C,ACO-LCM (1.0),0.5,0.5045,390.8,8.0
B_C,ACO-LCM (1.0),0.5,0.5863,430.7,26.0
B_C,ACO-LCM (1.0),0.5,0.6931,448.2,40.0
B_C,ACO-LCM (1.0),0.5,0.665,440.2,35.0
B_C,ACO-LCM (1.0),0.5,0.5166,401.9,12.0
B_C,ACO-LCM (1.0),0.5,0.6801,455.0,41.0
B_C,ACO-LCM (1.0),0.5,0.5961,432.5,23.0
B_C,ACO-LCM (1.0),0.5,0.5889,426.3,24.0
B_C,ACO-LCM (1.0),0.5,0.5149,408.2,13.0
B_C,ACO-LCM (1.0),0.5,0.5351,409.7,14.0
B_C,ACO-LCM (1.0),0.5,0.5123,400.2,12.0
B_C,ACO-LCM (1.0),0.5,0.5215,404.9,12.0
B_C,ACO-LCM (1.0),0.5,0.5157,404.2,12.0
B_C,ACO-LCM (1.0),0.5,0.491,396.1,8.0
B_C,ACO-LCM (1.0),0.5,0.5222,399.7,9.0
B_C,ACO-LCM (1.0),0.5,0.5026,401.0,9.0
B_C,ACO-LCM (1.0),0.5,0.5506,414.2,16.0
B_C,ACO-LCM (1.0),0.5,0.4775,379.6,5.0
B_C,ACO-LCM (1.0),0.5,0.5395,405.8,15.0
B_C,ACO-LCM (1.0),0.5,0.5738,417.6,19.0
B_C,ACO-LCM (1.0),0.5,0.5249,421.4,16.0
B_C,ACO-LCM (1.0),0.5,0.5754,426.7,21.0
B_C,ACO-LCM (1.0),0.5,0.5393,401.2,12.0
B_C,GRAANK,0.5,1.1993,101.7,58.0
B_C,GRAANK,0.5,1.1886,101.7,58.0
B_C,GRAANK,0.5,1.1862,101.7,58.0
B_C,GRAANK,0.5,1.1971,101.7,58.0
B_C,GRAANK,0.5,1.1882,101.7,58.0
B_C,GRAANK,0.5,1.1893,101.7,58.0
B_C,GRAANK,0.5,1.1691,101.7,58.0
B_C,GRAANK,0.5,1.2902,101.7,58.0
B_C,GRAANK,0.5,1.193,101.7,58.0
B_C,GRAANK,0.5,1.1951,101.7,58.0
B_C,GRAANK,0.5,1.1996,101.7,58.0
B_C,GRAANK,0.5,1.1873,101.7,58.0
B_C,GRAANK,0.5,1.1916,101.7,58.0
B_C,GRAANK,0.5,1.1912,101.7,58.0
B_C,GRAANK,0.5,1.198,101.7,58.0
B_C,GRAANK,0.5,1.1876,101.7,58.0
B_C,GRAANK,0.5,1.1927,101.7,58.0
B_C,GRAANK,0.5,1.1979,101.7,58.0
B_C,GRAANK,0.5,1.1941,101.7,58.0
B_C,GRAANK,0.5,1.1997,101.7,58.0
B_C,GRAANK,0.5,1.1883,101.7,58.0
B_C,GRAANK,0.5,1.192,101.7,58.0
B_C,GRAANK,0.5,1.19,101.7,58.0
B_C,GRAANK,0.5,1.1974,101.7,58.0
B_C,GRAANK,0.5,1.1885,101.7,58.0
B_C,GRAANK,0.5,1.1883,101.7,58.0
B_C,GRAANK,0.5,1.1912,101.7,58.0
B_C,GRAANK,0.5,1.1967,101.7,58.0
B_C,GRAANK,0.5,1.1706,101.7,58.0
B_C,GRAANK,0.5,1.1909,101.7,58.0
B_C,GRAANK,0.5,1.198,101.7,58.0
B_C,GRAANK,0.5,1.1925,101.7,58.0
B_C,GRAANK,0.5,1.1912,101.7,58.0
B_C,LCM-GRAD (1.0),0.5,14.989,10446.0,19.0
B_C,LCM-GRAD (1.0),0.5,15.016,10446.0,19.0
B_C,LCM-GRAD (1.0),0.5,15.096,10446.0,19.0
B_C,LCM-GRAD (1.0),0.5,15.176,10446.0,19.0
B_C,LCM-GRAD (1.0),0.5,15.113,10446.0,19.0
B_C,LCM-GRAD (1.0),0.5,15.149,10446.0,19.0
B_C,LCM-GRAD (1.0),0.5,15.045,10446.0,19.0
B_C,LCM-GRAD (1.0),0.5,15.256,10446.0,19.0
B_C,LCM-GRAD (1.0),0.5,15.145,10446.0,19.0
B_C,LCM-GRAD (1.0),0.5,15.089,10446.0,19.0
B_C,LCM-GRAD (1.0),0.5,15.095,10446.0,19.0
B_C,LCM-GRAD (1.0),0.5,15.081,10446.0,19.0
B_C,LCM-GRAD (1.0),0.5,14.893,10446.0,19.0
B_C,LCM-GRAD (1.0),0.5,15.503,10446.0,19.0
B_C,LCM-GRAD (1.0),0.5,15.089,10446.0,19.0
B_C,LCM-GRAD (1.0),0.5,15.59,10446.0,19.0
B_C,LCM-GRAD (1.0),0.5,15.076,10446.0,19.0
B_C,LCM-GRAD (1.0),0.5,15.307,10446.0,19.0
B_C,LCM-GRAD (1.0),0.5,15.44,10446.0,19.0
B_C,LCM-GRAD (1.0),0.5,14.885,10446.0,19.0
B_C,LCM-GRAD (1.0),0.5,15.12,10446.0,19.0
B_C,LCM-GRAD (1.0),0.5,15.147,10446.0,19.0
B_C,LCM-GRAD (1.0),0.5,14.99,10446.0,19.0
B_C,LCM-GRAD (1.0),0.5,15.802,10446.0,19.0
B_C,LCM-GRAD (1.0),0.5,15.242,10446.0,19.0
B_C,LCM-GRAD (1.0),0.5,15.358,10446.0,19.0
B_C,LCM-GRAD (1.0),0.5,15.094,10446.0,19.0
B_C,LCM-GRAD (1.0),0.5,15.237,10447.0,19.0
B_C,LCM-GRAD (1.0),0.5,16.106,10446.0,19.0
B_C,LCM-GRAD (1.0),0.5,15.114,10446.0,19.0
B_C,LCM-GRAD (1.0),0.5,15.593,10446.0,19.0
B_C,LCM-GRAD (1.0),0.5,15.503,10446.0,19.0
B_C,LCM-GRAD (1.0),0.5,14.879,10446.0,19.0
B_C,ACO-GRAANK (2.0),0.6,0.0369,125.7,2.0
B_C,ACO-GRAANK (2.0),0.6,0.0173,82.0,1.0
B_C,ACO-GRAANK (2.0),0.6,0.0336,116.0,4.0
B_C,ACO-GRAANK (2.0),0.6,0.0392,124.2,1.0
B_C,ACO-GRAANK (2.0),0.6,0.093,166.3,3.0
B_C,ACO-GRAANK (2.0),0.6,0.0228,97.4,1.0
B_C,ACO-GRAANK (2.0),0.6,0.0339,120.0,2.0
B_C,ACO-GRAANK (2.0),0.6,0.0228,96.9,2.0
B_C,ACO-GRAANK (2.0),0.6,0.0283,107.1,2.0
B_C,ACO-GRAANK (2.0),0.6,0.0324,114.3,2.0
B_C,ACO-GRAANK (2.0),0.6,0.0356,118.5,1.0
B_C,ACO-GRAANK (2.0),0.6,0.0262,109.2,2.0
B_C,ACO-GRAANK (2.0),0.6,0.0436,125.4,3.0
B_C,ACO-GRAANK (2.0),0.6,0.0393,122.3,4.0
B_C,ACO-GRAANK (2.0),0.6,0.0299,111.9,1.0
B_C,ACO-GRAANK (2.0),0.6,0.0205,94.5,1.0
B_C,ACO-GRAANK (2.0),0.6,0.0195,90.7,1.0
B_C,ACO-GRAANK (2.0),0.6,0.0317,113.0,3.0
B_C,ACO-GRAANK (2.0),0.6,0.031,115.0,1.0
B_C,ACO-GRAANK (2.0),0.6,0.0469,107.4,2.0
B_C,ACO-GRAANK (2.0),0.6,0.0196,90.2,2.0
B_C,ACO-GRAANK (2.0),0.6,0.0961,189.1,2.0
B_C,ACO-GRAANK (2.0),0.6,0.0242,99.0,3.0
B_C,ACO-GRAANK (2.0),0.6,0.0311,110.7,3.0
B_C,ACO-GRAANK (2.0),0.6,0.0376,120.8,2.0
B_C,ACO-GRAANK (2.0),0.6,0.0187,89.4,1.0
B_C,ACO-GRAANK (2.0),0.6,0.0315,116.1,2.0
B_C,ACO-GRAANK (2.0),0.6,0.0201,93.3,1.0
B_C,ACO-GRAANK (2.0),0.6,0.0203,92.4,1.0
B_C,ACO-GRAANK (2.0),0.6,0.0196,90.7,1.0
B_C,ACO-GRAANK (2.0),0.6,0.0207,93.3,1.0
B_C,ACO-GRAANK (2.0),0.6,0.018,87.2,1.0
B_C,ACO-GRAANK (2.0),0.6,0.0208,92.2,2.0
B_C,ACO-LCM (1.0),0.6,0.469,373.3,4.0
B_C,ACO-LCM (1.0),0.6,0.531,413.7,14.0
B_C,ACO-LCM (1.0),0.6,0.4864,386.3,6.0
B_C,ACO-LCM (1.0),0.6,0.4613,365.0,3.0
B_C,ACO-LCM (1.0),0.6,0.4743,372.3,4.0
B_C,ACO-LCM (1.0),0.6,0.5927,421.1,22.0
B_C,ACO-LCM (1.0),0.6,0.562,418.2,18.0
B_C,ACO-LCM (1.0),0.6,0.5573,422.0,18.0
B_C,ACO-LCM (1.0),0.6,0.5484,413.6,14.0
B_C,ACO-LCM (1.0),0.6,0.5161,398.8,9.0
B_C,ACO-LCM (1.0),0.6,0.5037,395.4,8.0
B_C,ACO-LCM (1.0),0.6,0.4711,383.2,6.0
B_C,ACO-LCM (1.0),0.6,0.5295,402.3,12.0
B_C,ACO-LCM (1.0),0.6,0.5806,424.2,21.0
B_C,ACO-LCM (1.0),0.6,0.5106,400.0,9.0
B_C,ACO-LCM (1.0),0.6,0.4732,371.3,4.0
B_C,ACO-LCM (1.0),0.6,0.6228,431.1,25.0
B_C,ACO-LCM (1.0),0.6,0.7228,434.3,38.0
B_C,ACO-LCM (1.0),0.6,0.5497,416.2,13.0
B_C,ACO-LCM (1.0),0.6,0.5672,421.9,18.0
B_C,ACO-LCM (1.0),0.6,0.7536,445.1,40.0
B_C,ACO-LCM (1.0),0.6,0.4305,348.9,1.0
B_C,ACO-LCM (1.0),0.6,0.4594,364.3,3.0
B_C,ACO-LCM (1.0),0.6,0.6704,426.3,29.0
B_C,ACO-LCM (1.0),0.6,0.5325,408.7,12.0
B_C,ACO-LCM (1.0),0.6,0.5329,422.1,14.0
B_C,ACO-LCM (1.0),0.6,0.6414,437.1,27.0
B_C,ACO-LCM (1.0),0.6,0.5501,422.4,14.0
B_C,ACO-LCM (1.0),0.6,0.5784,422.7,16.0
B_C,ACO-LCM (1.0),0.6,0.5155,396.4,9.0
B_C,ACO-LCM (1.0),0.6,0.4529,358.0,2.0
B_C,ACO-LCM (1.0),0.6,0.6171,430.5,25.0
B_C,ACO-LCM (1.0),0.6,0.47,373.1,4.0
B_C,GRAANK,0.6,0.5161,62.7,12.0
B_C,GRAANK,0.6,0.5148,62.7,12.0
B_C,GRAANK,0.6,0.5168,62.7,12.0
B_C,GRAANK,0.6,0.5171,62.7,12.0
B_C,GRAANK,0.6,0.5184,62.7,12.0
B_C,GRAANK,0.6,0.5186,62.7,12.0
B_C,GRAANK,0.6,0.5157,62.7,12.0
B_C,GRAANK,0.6,0.5176,62.7,12.0
B_C,GRAANK,0.6,0.515,62.7,12.0
B_C,GRAANK,0.6,0.5176,62.7,12.0
B_C,GRAANK,0.6,0.5202,62.7,12.0
B_C,GRAANK,0.6,0.5175,62.7,12.0
B_C,GRAANK,0.6,0.5145,62.7,12.0
B_C,GRAANK,0.6,0.5176,62.7,12.0
B_C,GRAANK,0.6,0.5128,62.7,12.0
B_C,GRAANK,0.6,0.5095,62.7,12.0
B_C,GRAANK,0.6,0.5137,62.7,12.0
B_C,GRAANK,0.6,0.521,62.7,12.0
B_C,GRAANK,0.6,0.518,62.7,12.0
B_C,GRAANK,0.6,0.519,62.7,12.0
B_C,GRAANK,0.6,0.5181,62.7,12.0
B_C,GRAANK,0.6,0.5166,62.7,12.0
B_C,GRAANK,0.6,0.5171,62.7,12.0
B_C,GRAANK,0.6,0.5203,62.7,12.0
B_C,GRAANK,0.6,0.5194,62.7,12.0
B_C,GRAANK,0.6,0.5192,62.7,12.0
B_C,GRAANK,0.6,0.5212,62.7,12.0
B_C,GRAANK,0.6,0.5159,62.7,12.0
B_C,GRAANK,0.6,0.5138,62.7,12.0
B_C,GRAANK,0.6,0.5161,62.7,12.0
B_C,GRAANK,0.6,0.5175,62.7,12.0
B_C,GRAANK,0.6,0.518,62.7,12.0
B_C,GRAANK,0.6,0.5149,62.7,12.0
B_C,LCM-GRAD (1.0),0.6,14.985,10232.0,19.0
B_C,LCM-GRAD (1.0),0.6,14.952,10232.0,19.0
B_C,LCM-GRAD (1.0),0.6,14.836,10231.0,19.0
B_C,LCM-GRAD (1.0),0.6,14.557,10231.0,19.0
B_C,LCM-GRAD (1.0),0.6,15.017,10232.0,19.0
B_C,LCM-GRAD (1.0),0.6,14.79,10232.0,19.0
B_C,LCM-GRAD (1.0),0.6,15.155,10231.0,19.0
B_C,LCM-GRAD (1.0),0.6,15.061,10232.0,19.0
B_C,LCM-GRAD (1.0),0.6,15.858,10231.0,19.0
B_C,LCM-GRAD (1.0),0.6,14.841,10231.0,19.0
B_C,LCM-GRAD (1.0),0.6,14.721,10231.0,19.0
B_C,LCM-GRAD (1.0),0.6,14.647,10232.0,19.0
B_C,LCM-GRAD (1.0),0.6,14.806,10232.0,19.0
B_C,LCM-GRAD (1.0),0.6,14.59,10231.0,19.0
B_C,LCM-GRAD (1.0),0.6,14.887,10231.0,19.0
B_C,LCM-GRAD (1.0),0.6,14.769,10231.0,19.0
B_C,LCM-GRAD (1.0),0.6,14.887,10232.0,19.0
B_C,LCM-GRAD (1.0),0.6,14.674,10231.0,19.0
B_C,LCM-GRAD (1.0),0.6,14.88,10232.0,19.0
B_C,LCM-GRAD (1.0),0.6,15.035,10231.0,19.0
B_C,LCM-GRAD (1.0),0.6,14.891,9951.0,19.0
B_C,LCM-GRAD (1.0),0.6,14.826,10231.0,19.0
B_C,LCM-GRAD (1.0),0.6,14.918,10231.0,19.0
B_C,LCM-GRAD (1.0),0.6,14.658,10232.0,19.0
B_C,LCM-GRAD (1.0),0.6,15.254,10231.0,19.0
B_C,LCM-GRAD (1.0),0.6,14.631,10232.0,19.0
B_C,LCM-GRAD (1.0),0.6,15.189,10232.0,19.0
B_C,LCM-GRAD (1.0),0.6,14.663,10232.0,19.0
B_C,LCM-GRAD (1.0),0.6,14.92,10231.0,19.0
B_C,LCM-GRAD (1.0),0.6,14.899,10231.0,19.0
B_C,LCM-GRAD (1.0),0.6,14.553,10231.0,19.0
B_C,LCM-GRAD (1.0),0.6,14.903,9951.0,19.0
B_C,LCM-GRAD (1.0),0.6,14.642,10232.0,19.0
B_C,ACO-GRAANK (2.0),0.7,0.0352,119.2,2.0
B_C,ACO-GRAANK (2.0),0.7,0.0817,155.7,1.0
B_C,ACO-GRAANK (2.0),0.7,0.0921,151.6,1.0
B_C,ACO-GRAANK (2.0),0.7,0.0502,107.8,2.0
B_C,ACO-GRAANK (2.0),0.7,0.0172,82.4,1.0
B_C,ACO-GRAANK (2.0),0.7,0.0898,158.3,2.0
B_C,ACO-GRAANK (2.0),0.7,0.0461,105.4,1.0
B_C,ACO-GRAANK (2.0),0.7,0.0867,167.2,1.0
B_C,ACO-GRAANK (2.0),0.7,0.0491,113.3,1.0
B_C,ACO-GRAANK (2.0),0.7,0.1796,167.8,0.0
B_C,ACO-GRAANK (2.0),0.7,0.0584,126.9,2.0
B_C,ACO-GRAANK (2.0),0.7,0.0239,101.8,1.0
B_C,ACO-GRAANK (2.0),0.7,0.0472,108.3,0.0
B_C,ACO-GRAANK (2.0),0.7,0.1816,225.5,1.0
B_C,ACO-GRAANK (2.0),0.7,0.0718,148.4,0.0
B_C,ACO-GRAANK (2.0),0.7,0.1489,208.2,1.0
B_C,ACO-GRAANK (2.0),0.7,0.1297,118.9,1.0
B_C,ACO-GRAANK (2.0),0.7,0.1584,153.6,0.0
B_C,ACO-GRAANK (2.0),0.7,0.0232,100.0,1.0
B_C,ACO-GRAANK (2.0),0.7,0.0738,143.0,1.0
B_C,ACO-GRAANK (2.0),0.7,0.0966,162.7,0.0
B_C,ACO-GRAANK (2.0),0.7,0.0349,119.0,1.0
B_C,ACO-GRAANK (2.0),0.7,0.0816,180.8,1.0
B_C,ACO-GRAANK (2.0),0.7,0.0662,143.1,1.0
B_C,ACO-GRAANK (2.0),0.7,0.0366,121.9,1.0
B_C,ACO-GRAANK (2.0),0.7,0.1083,176.6,1.0
B_C,ACO-GRAANK (2.0),0.7,0.1313,205.3,0.0
B_C,ACO-GRAANK (2.0),0.7,0.0185,88.4,1.0
B_C,ACO-GRAANK (2.0),0.7,0.0396,104.8,0.0
B_C,ACO-GRAANK (2.0),0.7,0.0616,133.6,0.0
B_C,ACO-GRAANK (2.0),0.7,0.0652,145.6,2.0
B_C,ACO-GRAANK (2.0),0.7,0.056,122.0,1.0
B_C,ACO-GRAANK (2.0),0.7,0.1913,131.2,0.0
B_C,ACO-LCM (1.0),0.7,0.5655,438.9,16.0
B_C,ACO-LCM (1.0),0.7,0.7105,448.8,32.0
B_C,ACO-LCM (1.0),0.7,0.5667,430.9,16.0
B_C,ACO-LCM (1.0),0.7,0.7185,441.9,32.0
B_C,ACO-LCM (1.0),0.7,0.5935,429.3,20.0
B_C,ACO-LCM (1.0),0.7,0.6483,440.9,25.0
B_C,ACO-LCM (1.0),0.7,0.616,432.1,23.0
B_C,ACO-LCM (1.0),0.7,0.6555,447.1,25.0
B_C,ACO-LCM (1.0),0.7,0.5664,418.5,16.0
B_C,ACO-LCM (1.0),0.7,0.582,437.8,16.0
B_C,ACO-LCM (1.0),0.7,0.5932,431.0,20.0
B_C,ACO-LCM (1.0),0.7,0.5179,404.0,8.0
B_C,ACO-LCM (1.0),0.7,0.5292,408.7,11.0
B_C,ACO-LCM (1.0),0.7,0.636,437.8,23.0
B_C,ACO-LCM (1.0),0.7,0.5081,397.0,8.0
B_C,ACO-LCM (1.0),0.7,0.5605,428.4,15.0
B_C,ACO-LCM (1.0),0.7,0.5851,423.7,16.0
B_C,ACO-LCM (1.0),0.7,0.4776,380.3,4.0
B_C,ACO-LCM (1.0),0.7,0.5533,414.7,13.0
B_C,ACO-LCM (1.0),0.7,0.5842,429.6,16.0
B_C,ACO-LCM (1.0),0.7,0.7462,462.7,36.0
B_C,ACO-LCM (1.0),0.7,0.5515,408.5,11.0
B_C,ACO-LCM (1.0),0.7,0.5296,410.7,10.0
B_C,ACO-LCM (1.0),0.7,0.805,461.6,41.0
B_C,ACO-LCM (1.0),0.7,0.4677,384.1,5.0
B_C,ACO-LCM (1.0),0.7,0.614,431.0,22.0
B_C,ACO-LCM (1.0),0.7,0.6114,438.5,21.0
B_C,ACO-LCM (1.0),0.7,0.7506,448.6,33.0
B_C,ACO-LCM (1.0),0.7,0.5943,428.8,20.0
B_C,ACO-LCM (1.0),0.7,0.4775,379.2,4.0
B_C,ACO-LCM (1.0),0.7,0.6033,435.8,21.0
B_C,ACO-LCM (1.0),0.7,0.4538,369.4,3.0
B_C,ACO-LCM (1.0),0.7,0.785,448.0,43.0
B_C,GRAANK,0.7,0.4565,50.1,4.0
B_C,GRAANK,0.7,0.4574,50.1,4.0
B_C,GRAANK,0.7,0.4583,50.1,4.0
B_C,GRAANK,0.7,0.4556,50.0,4.0
B_C,GRAANK,0.7,0.4584,50.1,4.0
B_C,GRAANK,0.7,0.4547,50.1,4.0
B_C,GRAANK,0.7,0.4585,50.1,4.0
B_C,GRAANK,0.7,0.4579,50.0,4.0
B_C,GRAANK,0.7,0.4587,50.1,4.0
B_C,GRAANK,0.7,0.4579,50.1,4.0
B_C,GRAANK,0.7,0.4533,50.1,4.0
B_C,GRAANK,0.7,0.4573,50.1,4.0
B_C,GRAANK,0.7,0.4559,50.1,4.0
B_C,GRAANK,0.7,0.4585,50.1,4.0
B_C,GRAANK,0.7,0.4548,50.1,4.0
B_C,GRAANK,0.7,0.4564,50.1,4.0
B_C,GRAANK,0.7,0.4587,50.1,4.0
B_C,GRAANK,0.7,0.456,50.1,4.0
B_C,GRAANK,0.7,0.455,50.1,4.0
B_C,GRAANK,0.7,0.4563,50.1,4.0
B_C,GRAANK,0.7,0.4567,50.1,4.0
B_C,GRAANK,0.7,0.4582,50.1,4.0
B_C,GRAANK,0.7,0.4557,50.1,4.0
B_C,GRAANK,0.7,0.4576,50.1,4.0
B_C,GRAANK,0.7,0.456,50.1,4.0
B_C,GRAANK,0.7,0.4568,50.0,4.0
B_C,GRAANK,0.7,0.4556,50.0,4.0
B_C,GRAANK,0.7,0.4557,50.1,4.0
B_C,GRAANK,0.7,0.4573,50.1,4.0
B_C,GRAANK,0.7,0.4585,50.1,4.0
B_C,GRAANK,0.7,0.457,50.1,4.0
B_C,GRAANK,0.7,0.4609,50.0,4.0
B_C,GRAANK,0.7,0.4559,50.1,4.0
B_C,LCM-GRAD (1.0),0.7,14.406,9755.0,19.0
B_C,LCM-GRAD (1.0),0.7,14.585,9754.0,19.0
B_C,LCM-GRAD (1.0),0.7,14.675,9753.0,19.0
B_C,LCM-GRAD (1.0),0.7,15.535,9922.0,19.0
B_C,LCM-GRAD (1.0),0.7,14.611,9922.0,19.0
B_C,LCM-GRAD (1.0),0.7,14.506,9753.0,19.0
B_C,LCM-GRAD (1.0),0.7,14.882,9922.0,19.0
B_C,LCM-GRAD (1.0),0.7,14.698,9921.0,19.0
B_C,LCM-GRAD (1.0),0.7,14.502,9921.0,19.0
B_C,LCM-GRAD (1.0),0.7,14.683,9754.0,19.0
B_C,LCM-GRAD (1.0),0.7,14.771,9754.0,19.0
B_C,LCM-GRAD (1.0),0.7,14.707,9754.0,19.0
B_C,LCM-GRAD (1.0),0.7,14.531,9753.0,19.0
B_C,LCM-GRAD (1.0),0.7,14.49,9754.0,19.0
B_C,LCM-GRAD (1.0),0.7,14.789,9754.0,19.0
B_C,LCM-GRAD (1.0),0.7,14.52,9754.0,19.0
B_C,LCM-GRAD (1.0),0.7,14.576,9922.0,19.0
B_C,LCM-GRAD (1.0),0.7,14.851,9922.0,19.0
B_C,LCM-GRAD (1.0),0.7,14.715,9753.0,19.0
B_C,LCM-GRAD (1.0),0.7,14.445,9754.0,19.0
B_C,LCM-GRAD (1.0),0.7,15.311,9738.0,19.0
B_C,LCM-GRAD (1.0),0.7,15.404,9753.0,19.0
B_C,LCM-GRAD (1.0),0.7,14.769,9922.0,19.0
B_C,LCM-GRAD (1.0),0.7,15.081,9754.0,19.0
B_C,LCM-GRAD (1.0),0.7,14.601,9738.0,19.0
B_C,LCM-GRAD (1.0),0.7,15.074,9754.0,19.0
B_C,LCM-GRAD (1.0),0.7,14.715,9922.0,19.0
B_C,LCM-GRAD (1.0),0.7,14.603,9922.0,19.0
B_C,LCM-GRAD (1.0),0.7,14.523,9922.0,19.0
B_C,LCM-GRAD (1.0),0.7,15.459,9922.0,19.0
B_C,LCM-GRAD (1.0),0.7,15.131,9754.0,19.0
B_C,LCM-GRAD (1.0),0.7,14.793,9755.0,19.0
B_C,LCM-GRAD (1.0),0.7,14.685,9754.0,19.0
B_C,ACO-GRAANK (2.0),0.8,0.0361,121.5,1.0
B_C,ACO-GRAANK (2.0),0.8,0.1249,191.5,1.0
B_C,ACO-GRAANK (2.0),0.8,0.2511,134.8,0.0
B_C,ACO-GRAANK (2.0),0.8,0.0219,96.2,1.0
B_C,ACO-GRAANK (2.0),0.8,0.0692,138.9,0.0
B_C,ACO-GRAANK (2.0),0.8,0.1508,219.5,0.0
B_C,ACO-GRAANK (2.0),0.8,0.137,167.3,0.0
B_C,ACO-GRAANK (2.0),0.8,0.0726,146.9,1.0
B_C,ACO-GRAANK (2.0),0.8,0.0529,107.6,1.0
B_C,ACO-GRAANK (2.0),0.8,0.1579,116.4,0.0
B_C,ACO-GRAANK (2.0),0.8,0.0394,126.2,1.0
B_C,ACO-GRAANK (2.0),0.8,0.0671,145.8,0.0
B_C,ACO-GRAANK (2.0),0.8,0.0684,122.8,1.0
B_C,ACO-GRAANK (2.0),0.8,0.0594,125.8,1.0
B_C,ACO-GRAANK (2.0),0.8,0.1299,200.7,1.0
B_C,ACO-GRAANK (2.0),0.8,0.1139,166.8,0.0
B_C,ACO-GRAANK (2.0),0.8,0.0831,157.3,1.0
B_C,ACO-GRAANK (2.0),0.8,0.071,139.1,0.0
B_C,ACO-GRAANK (2.0),0.8,0.08,149.9,0.0
B_C,ACO-GRAANK (2.0),0.8,0.0509,111.4,0.0
B_C,ACO-GRAANK (2.0),0.8,0.0524,113.3,1.0
B_C,ACO-GRAANK (2.0),0.8,0.1422,221.2,0.0
B_C,ACO-GRAANK (2.0),0.8,0.0828,154.2,0.0
B_C,ACO-GRAANK (2.0),0.8,0.0712,148.9,1.0
B_C,ACO-GRAANK (2.0),0.8,0.1193,140.8,0.0
B_C,ACO-GRAANK (2.0),0.8,0.1011,179.1,0.0
B_C,ACO-GRAANK (2.0),0.8,0.0712,136.0,1.0
B_C,ACO-GRAANK (2.0),0.8,0.0595,127.9,1.0
B_C,ACO-GRAANK (2.0),0.8,0.0705,142.1,0.0
B_C,ACO-GRAANK (2.0),0.8,0.0431,103.7,1.0
B_C,ACO-GRAANK (2.0),0.8,0.0222,95.0,1.0
B_C,ACO-GRAANK (2.0),0.8,0.204,214.2,0.0
B_C,ACO-GRAANK (2.0),0.8,0.0961,181.5,1.0
B_C,ACO-LCM (1.0),0.8,0.5206,416.4,9.0
B_C,ACO-LCM (1.0),0.8,0.6661,451.9,21.0
B_C,ACO-LCM (1.0),0.8,0.5886,428.1,13.0
B_C,ACO-LCM (1.0),0.8,0.797,447.0,28.0
B_C,ACO-LCM (1.0),0.8,0.4429,353.4,1.0
B_C,ACO-LCM (1.0),0.8,0.4516,350.8,1.0
B_C,ACO-LCM (1.0),0.8,0.5118,391.4,6.0
B_C,ACO-LCM (1.0),0.8,0.4618,369.5,3.0
B_C,ACO-LCM (1.0),0.8,0.7199,460.3,25.0
B_C,ACO-LCM (1.0),0.8,0.5726,428.3,14.0
B_C,ACO-LCM (1.0),0.8,0.6517,461.1,18.0
B_C,ACO-LCM (1.0),0.8,0.5594,426.6,11.0
B_C,ACO-LCM (1.0),0.8,0.8752,455.0,34.0
B_C,ACO-LCM (1.0),0.8,0.6729,461.4,22.0
B_C,ACO-LCM (1.0),0.8,0.8414,466.4,35.0
B_C,ACO-LCM (1.0),0.8,0.7228,451.9,22.0
B_C,ACO-LCM (1.0),0.8,1.1455,491.3,57.0
B_C,ACO-LCM (1.0),0.8,0.514,405.6,8.0
B_C,ACO-LCM (1.0),0.8,0.5589,420.2,10.0
B_C,ACO-LCM (1.0),0.8,0.7438,462.2,26.0
B_C,ACO-LCM (1.0),0.8,0.5994,436.1,14.0
B_C,ACO-LCM (1.0),0.8,0.807,454.5,33.0
B_C,ACO-LCM (1.0),0.8,0.4604,373.1,3.0
B_C,ACO-LCM (1.0),0.8,0.483,379.6,4.0
B_C,ACO-LCM (1.0),0.8,0.8229,480.1,33.0
B_C,ACO-LCM (1.0),0.8,0.837,462.6,31.0
B_C,ACO-LCM (1.0),0.8,0.5131,389.7,6.0
B_C,ACO-LCM (1.0),0.8,0.7331,446.8,25.0
B_C,ACO-LCM (1.0),0.8,0.5436,416.0,11.0
B_C,ACO-LCM (1.0),0.8,0.4776,378.8,4.0
B_C,ACO-LCM (1.0),0.8,0.6048,420.6,13.0
B_C,ACO-LCM (1.0),0.8,0.5257,418.4,9.0
B_C,ACO-LCM (1.0),0.8,0.5466,411.5,10.0
B_C,GRAANK,0.8,0.4553,46.4,2.0
B_C,GRAANK,0.8,0.4549,46.4,2.0
B_C,GRAANK,0.8,0.4528,46.4,2.0
B_C,GRAANK,0.8,0.4556,46.4,2.0
B_C,GRAANK,0.8,0.4556,46.4,2.0
B_C,GRAANK,0.8,0.4576,46.4,2.0
B_C,GRAANK,0.8,0.4557,46.4,2.0
B_C,GRAANK,0.8,0.4517,46.4,2.0
B_C,GRAANK,0.8,0.4521,46.4,2.0
B_C,GRAANK,0.8,0.453,46.4,2.0
B_C,GRAANK,0.8,0.4573,46.4,2.0
B_C,GRAANK,0.8,0.4583,46.4,2.0
B_C,GRAANK,0.8,0.4574,46.4,2.0
B_C,GRAANK,0.8,0.4564,46.4,2.0
B_C,GRAANK,0.8,0.4574,46.4,2.0
B_C,GRAANK,0.8,0.4583,46.4,2.0
B_C,GRAANK,0.8,0.4549,46.4,2.0
B_C,GRAANK,0.8,0.455,46.4,2.0
B_C,GRAANK,0.8,0.4512,46.4,2.0
B_C,GRAANK,0.8,0.4554,46.4,2.0
B_C,GRAANK,0.8,0.4582,46.4,2.0
B_C,GRAANK,0.8,0.457,46.4,2.0
B_C,GRAANK,0.8,0.451,46.4,2.0
B_C,GRAANK,0.8,0.4568,46.4,2.0
B_C,GRAANK,0.8,0.4576,46.4,2.0
B_C,GRAANK,0.8,0.4578,46.4,2.0
B_C,GRAANK,0.8,0.4571,46.4,2.0
B_C,GRAANK,0.8,0.4581,46.4,2.0
B_C,GRAANK,0.8,0.458,46.4,2.0
B_C,GRAANK,0.8,0.4566,46.4,2.0
B_C,GRAANK,0.8,0.4581,46.4,2.0
B_C,GRAANK,0.8,0.4586,46.4,2.0
B_C,GRAANK,0.8,0.4582,46.4,2.0
B_C,LCM-GRAD (1.0),0.8,14.656,9720.0,18.0
B_C,LCM-GRAD (1.0),0.8,13.686,9720.0,18.0
B_C,LCM-GRAD (1.0),0.8,13.686,9720.0,18.0
B_C,LCM-GRAD (1.0),0.8,13.616,9720.0,18.0
B_C,LCM-GRAD (1.0),0.8,13.596,9720.0,18.0
B_C,LCM-GRAD (1.0),0.8,14.101,9720.0,18.0
B_C,LCM-GRAD (1.0),0.8,14.081,9720.0,18.0
B_C,LCM-GRAD (1.0),0.8,13.694,9720.0,18.0
B_C,LCM-GRAD (1.0),0.8,13.814,9720.0,18.0
B_C,LCM-GRAD (1.0),0.8,13.645,9720.0,18.0
B_C,LCM-GRAD (1.0),0.8,13.651,9720.0,18.0
B_C,LCM-GRAD (1.0),0.8,13.631,9720.0,18.0
B_C,LCM-GRAD (1.0),0.8,14.276,9720.0,18.0
B_C,LCM-GRAD (1.0),0.8,13.875,9720.0,18.0
B_C,LCM-GRAD (1.0),0.8,13.85,9720.0,18.0
B_C,LCM-GRAD (1.0),0.8,13.678,9720.0,18.0
B_C,LCM-GRAD (1.0),0.8,13.753,9720.0,18.0
B_C,LCM-GRAD (1.0),0.8,13.938,9720.0,18.0
B_C,LCM-GRAD (1.0),0.8,13.498,9720.0,18.0
B_C,LCM-GRAD (1.0),0.8,13.66,9720.0,18.0
B_C,LCM-GRAD (1.0),0.8,13.555,9720.0,18.0
B_C,LCM-GRAD (1.0),0.8,14.229,9720.0,18.0
B_C,LCM-GRAD (1.0),0.8,13.759,9720.0,18.0
B_C,LCM-GRAD (1.0),0.8,13.76,9720.0,18.0
B_C,LCM-GRAD (1.0),0.8,14.207,9720.0,18.0
B_C,LCM-GRAD (1.0),0.8,13.508,9720.0,18.0
B_C,LCM-GRAD (1.0),0.8,13.874,9720.0,18.0
B_C,LCM-GRAD (1.0),0.8,13.628,9720.0,18.0
B_C,LCM-GRAD (1.0),0.8,13.902,9720.0,18.0
B_C,LCM-GRAD (1.0),0.8,14.047,9720.0,18.0
B_C,LCM-GRAD (1.0),0.8,13.862,9720.0,18.0
B_C,LCM-GRAD (1.0),0.8,13.644,9720.0,18.0
B_C,LCM-GRAD (1.0),0.8,13.605,9720.0,18.0
B_C,ACO-GRAANK (2.0),0.9,0.1648,127.7,1.0
B_C,ACO-GRAANK (2.0),0.9,0.0956,178.2,0.0
B_C,ACO-GRAANK (2.0),0.9,0.0864,156.3,0.0
B_C,ACO-GRAANK (2.0),0.9,0.074,168.5,1.0
B_C,ACO-GRAANK (2.0),0.9,0.0506,115.5,1.0
B_C,ACO-GRAANK (2.0),0.9,0.0221,96.8,1.0
B_C,ACO-GRAANK (2.0),0.9,0.0874,174.3,0.0
B_C,ACO-GRAANK (2.0),0.9,0.1585,190.8,0.0
B_C,ACO-GRAANK (2.0),0.9,0.0666,144.8,0.0
B_C,ACO-GRAANK (2.0),0.9,0.3333,247.8,0.0
B_C,ACO-GRAANK (2.0),0.9,0.0444,108.6,1.0
B_C,ACO-GRAANK (2.0),0.9,0.1418,116.6,0.0
B_C,ACO-GRAANK (2.0),0.9,0.0501,115.5,0.0
B_C,ACO-GRAANK (2.0),0.9,0.0768,176.8,0.0
B_C,ACO-GRAANK (2.0),0.9,0.1916,218.6,0.0
B_C,ACO-GRAANK (2.0),0.9,0.0976,179.9,0.0
B_C,ACO-GRAANK (2.0),0.9,0.0523,123.0,1.0
B_C,ACO-GRAANK (2.0),0.9,0.0235,101.2,1.0
B_C,ACO-GRAANK (2.0),0.9,0.0426,100.1,1.0
B_C,ACO-GRAANK (2.0),0.9,0.0724,145.8,1.0
B_C,ACO-GRAANK (2.0),0.9,0.0346,122.0,1.0
B_C,ACO-GRAANK (2.0),0.9,0.1573,129.3,0.0
B_C,ACO-GRAANK (2.0),0.9,0.0213,97.3,1.0
B_C,ACO-GRAANK (2.0),0.9,0.098,138.2,0.0
B_C,ACO-GRAANK (2.0),0.9,0.0458,104.3,1.0
B_C,ACO-GRAANK (2.0),0.9,0.0813,161.4,0.0
B_C,ACO-GRAANK (2.0),0.9,0.2041,200.7,1.0
B_C,ACO-GRAANK (2.0),0.9,0.084,161.5,0.0
B_C,ACO-GRAANK (2.0),0.9,0.1512,214.6,0.0
B_C,ACO-GRAANK (2.0),0.9,0.168,184.2,0.0
B_C,ACO-GRAANK (2.0),0.9,0.1301,157.7,1.0
B_C,ACO-GRAANK (2.0),0.9,0.0391,102.2,1.0
B_C,ACO-GRAANK (2.0),0.9,0.2108,218.7,0.0
B_C,ACO-LCM (1.0),0.9,0.6175,409.3,13.0
B_C,ACO-LCM (1.0),0.9,0.6273,407.0,13.0
B_C,ACO-LCM (1.0),0.9,0.5791,381.8,8.0
B_C,ACO-LCM (1.0),0.9,0.4459,350.6,1.0
B_C,ACO-LCM (1.0),0.9,0.7265,417.5,19.0
B_C,ACO-LCM (1.0),0.9,0.7916,415.6,23.0
B_C,ACO-LCM (1.0),0.9,0.585,380.7,7.0
B_C,ACO-LCM (1.0),0.9,0.7656,421.6,22.0
B_C,ACO-LCM (1.0),0.9,0.923,425.1,30.0
B_C,ACO-LCM (1.0),0.9,0.4814,365.8,3.0
B_C,ACO-LCM (1.0),0.9,0.6203,417.5,13.0
B_C,ACO-LCM (1.0),0.9,0.6215,403.6,11.0
B_C,ACO-LCM (1.0),0.9,0.5655,389.3,8.0
B_C,ACO-LCM (1.0),0.9,0.4988,367.1,4.0
B_C,ACO-LCM (1.0),0.9,0.8868,420.5,29.0
B_C,ACO-LCM (1.0),0.9,0.517,376.9,5.0
B_C,ACO-LCM (1.0),0.9,0.9613,422.9,35.0
B_C,ACO-LCM (1.0),0.9,0.5086,368.0,4.0
B_C,ACO-LCM (1.0),0.9,0.6684,413.8,15.0
B_C,ACO-LCM (1.0),0.9,0.6943,411.5,16.0
B_C,ACO-LCM (1.0),0.9,0.7318,416.2,21.0
B_C,ACO-LCM (1.0),0.9,0.6334,402.5,13.0
B_C,ACO-LCM (1.0),0.9,0.6611,422.7,15.0
B_C,ACO-LCM (1.0),0.9,0.5539,390.0,8.0
B_C,ACO-LCM (1.0),0.9,0.886,436.4,29.0
B_C,ACO-LCM (1.0),0.9,0.5175,387.4,6.0
B_C,ACO-LCM (1.0),0.9,0.5835,377.6,8.0
B_C,ACO-LCM (1.0),0.9,0.767,424.5,22.0
B_C,ACO-LCM (1.0),0.9,0.8691,421.2,28.0
B_C,ACO-LCM (1.0),0.9,0.8293,416.2,28.0
B_C,ACO-LCM (1.0),0.9,0.6213,399.1,12.0
B_C,ACO-LCM (1.0),0.9,0.5262,378.8,5.0
B_C,ACO-LCM (1.0),0.9,0.6598,403.8,15.0
B_C,GRAANK,0.9,0.4504,46.4,2.0
B_C,GRAANK,0.9,0.4563,46.4,2.0
B_C,GRAANK,0.9,0.4564,46.4,2.0
B_C,GRAANK,0.9,0.4543,46.4,2.0
B_C,GRAANK,0.9,0.4584,46.4,2.0
B_C,GRAANK,0.9,0.4556,46.4,2.0
B_C,GRAANK,0.9,0.4581,46.4,2.0
B_C,GRAANK,0.9,0.4567,46.4,2.0
B_C,GRAANK,0.9,0.4496,46.4,2.0
B_C,GRAANK,0.9,0.4556,46.4,2.0
B_C,GRAANK,0.9,0.4523,46.4,2.0
B_C,GRAANK,0.9,0.456,46.4,2.0
B_C,GRAANK,0.9,0.4578,46.4,2.0
B_C,GRAANK,0.9,0.4552,46.4,2.0
B_C,GRAANK,0.9,0.4537,46.4,2.0
B_C,GRAANK,0.9,0.4557,46.4,2.0
B_C,GRAANK,0.9,0.459,46.4,2.0
B_C,GRAANK,0.9,0.4577,46.4,2.0
B_C,GRAANK,0.9,0.4579,46.4,2.0
B_C,GRAANK,0.9,0.4498,46.4,2.0
B_C,GRAANK,0.9,0.4578,46.4,2.0
B_C,GRAANK,0.9,0.4551,46.4,2.0
B_C,GRAANK,0.9,0.4561,46.4,2.0
B_C,GRAANK,0.9,0.4579,46.4,2.0
B_C,GRAANK,0.9,0.4582,46.4,2.0
B_C,GRAANK,0.9,0.4546,46.4,2.0
B_C,GRAANK,0.9,0.4573,46.4,2.0
B_C,GRAANK,0.9,0.4566,46.4,2.0
B_C,GRAANK,0.9,0.4574,46.4,2.0
B_C,GRAANK,0.9,0.458,46.4,2.0
B_C,GRAANK,0.9,0.4576,46.4,2.0
B_C,GRAANK,0.9,0.4592,46.4,2.0
B_C,GRAANK,0.9,0.4536,46.4,2.0
B_C,LCM-GRAD (1.0),0.9,12.425,9228.0,17.0
B_C,LCM-GRAD (1.0),0.9,12.379,9228.0,17.0
B_C,LCM-GRAD (1.0),0.9,12.464,9228.0,17.0
B_C,LCM-GRAD (1.0),0.9,12.35,9228.0,17.0
B_C,LCM-GRAD (1.0),0.9,12.665,9228.0,17.0
B_C,LCM-GRAD (1.0),0.9,12.438,9229.0,17.0
B_C,LCM-GRAD (1.0),0.9,12.893,9229.0,17.0
B_C,LCM-GRAD (1.0),0.9,12.433,9228.0,17.0
B_C,LCM-GRAD (1.0),0.9,12.509,9230.0,17.0
B_C,LCM-GRAD (1.0),0.9,12.228,9229.0,17.0
B_C,LCM-GRAD (1.0),0.9,12.44,9228.0,17.0
B_C,LCM-GRAD (1.0),0.9,12.964,9228.0,17.0
B_C,LCM-GRAD (1.0),0.9,12.274,9228.0,17.0
B_C,LCM-GRAD (1.0),0.9,12.407,9228.0,17.0
B_C,LCM-GRAD (1.0),0.9,12.218,9228.0,17.0
B_C,LCM-GRAD (1.0),0.9,12.281,9229.0,17.0
B_C,LCM-GRAD (1.0),0.9,12.574,9228.0,17.0
B_C,LCM-GRAD (1.0),0.9,12.241,9228.0,17.0
B_C,LCM-GRAD (1.0),0.9,12.595,9229.0,17.0
B_C,LCM-GRAD (1.0),0.9,12.599,9228.0,17.0
B_C,LCM-GRAD (1.0),0.9,12.195,9229.0,17.0
B_C,LCM-GRAD (1.0),0.9,12.193,9229.0,17.0
B_C,LCM-GRAD (1.0),0.9,12.39,9228.0,17.0
B_C,LCM-GRAD (1.0),0.9,12.196,9228.0,17.0
B_C,LCM-GRAD (1.0),0.9,12.802,9228.0,17.0
B_C,LCM-GRAD (1.0),0.9,12.336,9228.0,17.0
B_C,LCM-GRAD (1.0),0.9,12.29,9228.0,17.0
B_C,LCM-GRAD (1.0),0.9,12.449,9228.0,17.0
B_C,LCM-GRAD (1.0),0.9,13.018,9228.0,17.0
B_C,LCM-GRAD (1.0),0.9,12.431,9229.0,17.0
B_C,LCM-GRAD (1.0),0.9,12.312,9228.0,17.0
B_C,LCM-GRAD (1.0),0.9,12.265,9228.0,17.0
B_C,LCM-GRAD (1.0),0.9,12.486,9228.0,17.0
Buoys,ACO-GRAANK (2.0),0.5,0.1579,165.4,13.0
Buoys,ACO-GRAANK (2.0),0.5,0.1091,151.4,10.0
Buoys,ACO-GRAANK (2.0),0.5,0.0631,125.7,6.0
Buoys,ACO-GRAANK (2.0),0.5,0.0746,128.9,8.0
Buoys,ACO-GRAANK (2.0),0.5,0.1191,154.5,9.0
Buoys,ACO-GRAANK (2.0),0.5,0.1569,140.3,14.0
Buoys,ACO-GRAANK (2.0),0.5,0.0754,129.8,9.0
Buoys,ACO-GRAANK (2.0),0.5,0.0766,138.7,8.0
Buoys,ACO-GRAANK (2.0),0.5,0.1287,155.8,12.0
Buoys,ACO-GRAANK (2.0),0.5,0.2056,157.9,17.0
Buoys,ACO-GRAANK (2.0),0.5,0.0899,141.7,10.0
Buoys,ACO-GRAANK (2.0),0.5,0.1149,158.2,11.0
Buoys,ACO-GRAANK (2.0),0.5,0.094,143.2,10.0
Buoys,ACO-GRAANK (2.0),0.5,0.1753,139.9,18.0
Buoys,ACO-GRAANK (2.0),0.5,0.1564,172.4,15.0
Buoys,ACO-GRAANK (2.0),0.5,0.1056,154.0,10.0
Buoys,ACO-GRAANK (2.0),0.5,0.1518,170.0,12.0
Buoys,ACO-GRAANK (2.0),0.5,0.0828,141.2,6.0
Buoys,ACO-GRAANK (2.0),0.5,0.1402,164.7,13.0
Buoys,ACO-GRAANK (2.0),0.5,0.1334,164.2,13.0
Buoys,ACO-GRAANK (2.0),0.5,0.1712,139.8,16.0
Buoys,ACO-GRAANK (2.0),0.5,0.2877,171.9,18.0
Buoys,ACO-GRAANK (2.0),0.5,0.183,142.7,13.0
Buoys,ACO-GRAANK (2.0),0.5,0.1087,147.4,12.0
Buoys,ACO-GRAANK (2.0),0.5,0.0364,117.1,2.0
Buoys,ACO-GRAANK (2.0),0.5,0.1861,144.0,14.0
Buoys,ACO-GRAANK (2.0),0.5,0.3937,174.2,22.0
Buoys,ACO-GRAANK (2.0),0.5,0.0877,141.2,9.0
Buoys,ACO-GRAANK (2.0),0.5,0.362,159.4,21.0
Buoys,ACO-GRAANK (2.0),0.5,0.0407,122.3,3.0
Buoys,ACO-GRAANK (2.0),0.5,0.2112,148.3,19.0
Buoys,ACO-GRAANK (2.0),0.5,0.1026,148.3,12.0
Buoys,ACO-GRAANK (2.0),0.5,0.1285,165.5,11.0
Buoys,ACO-LCM (1.0),0.5,2.7143,455.6,6.0
Buoys,ACO-LCM (1.0),0.5,2.8986,469.5,8.0
Buoys,ACO-LCM (1.0),0.5,2.8184,459.3,7.0
Buoys,ACO-LCM (1.0),0.5,2.6353,454.2,5.0
Buoys,ACO-LCM (1.0),0.5,2.6369,435.3,3.0
Buoys,ACO-LCM (1.0),0.5,2.6592,444.3,3.0
Buoys,ACO-LCM (1.0),0.5,2.8242,449.9,6.0
Buoys,ACO-LCM (1.0),0.5,2.4666,431.5,2.0
Buoys,ACO-LCM (1.0),0.5,2.4407,435.4,2.0
Buoys,ACO-LCM (1.0),0.5,2.7057,462.0,5.0
Buoys,ACO-LCM (1.0),0.5,2.7712,456.9,8.0
Buoys,ACO-LCM (1.0),0.5,2.4822,442.9,3.0
Buoys,ACO-LCM (1.0),0.5,2.9389,473.0,9.0
Buoys,ACO-LCM (1.0),0.5,2.9075,459.9,6.0
Buoys,ACO-LCM (1.0),0.5,3.0085,461.5,9.0
Buoys,ACO-LCM (1.0),0.5,2.7681,459.0,6.0
Buoys,ACO-LCM (1.0),0.5,2.9858,470.5,10.0
Buoys,ACO-LCM (1.0),0.5,3.0566,464.1,12.0
Buoys,ACO-LCM (1.0),0.5,2.707,450.9,5.0
Buoys,ACO-LCM (1.0),0.5,2.6067,461.4,5.0
Buoys,ACO-LCM (1.0),0.5,2.9821,472.0,11.0
Buoys,ACO-LCM (1.0),0.5,2.569,439.0,3.0
Buoys,ACO-LCM (1.0),0.5,2.4382,432.1,2.0
Buoys,ACO-LCM (1.0),0.5,2.5241,435.4,2.0
Buoys,ACO-LCM (1.0),0.5,2.8766,452.1,7.0
Buoys,ACO-LCM (1.0),0.5,2.9052,465.0,7.0
Buoys,ACO-LCM (1.0),0.5,2.9016,466.5,9.0
Buoys,ACO-LCM (1.0),0.5,2.5312,440.1,3.0
Buoys,ACO-LCM (1.0),0.5,2.8195,457.8,7.0
Buoys,ACO-LCM (1.0),0.5,3.1023,467.8,10.0
Buoys,ACO-LCM (1.0),0.5,2.9969,473.6,10.0
Buoys,ACO-LCM (1.0),0.5,2.7838,457.3,6.0
Buoys,ACO-LCM (1.0),0.5,2.9083,473.8,8.0
Buoys,GRAANK,0.5,13.732,212.6,160.0
Buoys,GRAANK,0.5,13.692,212.6,160.0
Buoys,GRAANK,0.5,13.689,212.6,160.0
Buoys,GRAANK,0.5,13.682,212.6,160.0
Buoys,GRAANK,0.5,13.547,212.6,160.0
Buoys,GRAANK,0.5,13.735,212.6,160.0
Buoys,GRAANK,0.5,13.719,212.6,160.0
Buoys,GRAANK,0.5,13.575,212.6,160.0
Buoys,GRAANK,0.5,13.759,212.6,160.0
Buoys,GRAANK,0.5,13.698,212.6,160.0
Buoys,GRAANK,0.5,13.801,212.6,160.0
Buoys,GRAANK,0.5,13.699,212.6,160.0
Buoys,GRAANK,0.5,13.678,212.6,160.0
Buoys,GRAANK,0.5,13.701,212.6,160.0
Buoys,GRAANK,0.5,13.599,212.6,160.0
Buoys,GRAANK,0.5,13.701,212.6,160.0
Buoys,GRAANK,0.5,13.737,212.6,160.0
Buoys,GRAANK,0.5,13.664,212.6,160.0
Buoys,GRAANK,0.5,13.673,212.6,160.0
Buoys,GRAANK,0.5,13.689,212.6,160.0
Buoys,GRAANK,0.5,13.702,212.6,160.0
Buoys,GRAANK,0.5,13.855,212.6,160.0
Buoys,GRAANK,0.5,13.621,212.6,160.0
Buoys,GRAANK,0.5,13.693,212.6,160.0
Buoys,GRAANK,0.5,13.653,212.6,160.0
Buoys,GRAANK,0.5,13.64,212.6,160.0
Buoys,GRAANK,0.5,13.782,212.6,160.0
Buoys,GRAANK,0.5,13.742,212.6,160.0
Buoys,GRAANK,0.5,13.552,212.6,160.0
Buoys,GRAANK,0.5,13.505,212.6,160.0
Buoys,GRAANK,0.5,13.754,212.6,160.0
Buoys,GRAANK,0.5,13.682,212.6,160.0
Buoys,GRAANK,0.5,13.478,212.6,160.0
Buoys,LCM-GRAD (1.0),0.5,339.82,55619.0,33.0
Buoys,LCM-GRAD (1.0),0.5,323.56,55619.0,33.0
Buoys,LCM-GRAD (1.0),0.5,335.73,55619.0,33.0
Buoys,LCM-GRAD (1.0),0.5,325.66,55619.0,33.0
Buoys,LCM-GRAD (1.0),0.5,336.78,55619.0,33.0
Buoys,LCM-GRAD (1.0),0.5,332.25,55619.0,33.0
Buoys,LCM-GRAD (1.0),0.5,339.64,55619.0,33.0
Buoys,LCM-GRAD (1.0),0.5,324.15,55619.0,33.0
Buoys,LCM-GRAD (1.0),0.5,327.87,55619.0,33.0
Buoys,LCM-GRAD (1.0),0.5,319.42,55619.0,33.0
Buoys,LCM-GRAD (1.0),0.5,349.62,55619.0,33.0
Buoys,LCM-GRAD (1.0),0.5,335.23,55619.0,33.0
Buoys,LCM-GRAD (1.0),0.5,317.87,55619.0,33.0
Buoys,LCM-GRAD (1.0),0.5,335.82,55619.0,33.0
Buoys,LCM-GRAD (1.0),0.5,326.43,55619.0,33.0
Buoys,LCM-GRAD (1.0),0.5,350.03,55619.0,33.0
Buoys,LCM-GRAD (1.0),0.5,321.01,55619.0,33.0
Buoys,LCM-GRAD (1.0),0.5,335.05,55619.0,33.0
Buoys,LCM-GRAD (1.0),0.5,325.5,55619.0,33.0
Buoys,LCM-GRAD (1.0),0.5,317.93,55619.0,33.0
Buoys,LCM-GRAD (1.0),0.5,342.25,55619.0,33.0
Buoys,LCM-GRAD (1.0),0.5,333.77,55619.0,33.0
Buoys,LCM-GRAD (1.0),0.5,323.96,55619.0,33.0
Buoys,LCM-GRAD (1.0),0.5,324.77,55619.0,33.0
Buoys,LCM-GRAD (1.0),0.5,321.81,55619.0,33.0
Buoys,LCM-GRAD (1.0),0.5,328.72,55619.0,33.0
Buoys,LCM-GRAD (1.0),0.5,322.68,55619.0,33.0
Buoys,LCM-GRAD (1.0),0.5,337.93,55619.0,33.0
Buoys,LCM-GRAD (1.0),0.5,330.55,55619.0,33.0
Buoys,LCM-GRAD (1.0),0.5,340.49,55619.0,33.0
Buoys,LCM-GRAD (1.0),0.5,326.26,55619.0,33.0
Buoys,LCM-GRAD (1.0),0.5,343.37,55619.0,33.0
Buoys,LCM-GRAD (1.0),0.5,331.86,55619.0,33.0
Buoys,ACO-GRAANK (2.0),0.6,0.086,142.9,7.0
Buoys,ACO-GRAANK (2.0),0.6,0.0374,119.0,2.0
Buoys,ACO-GRAANK (2.0),0.6,0.0586,121.3,5.0
Buoys,ACO-GRAANK (2.0),0.6,0.0585,121.7,3.0
Buoys,ACO-GRAANK (2.0),0.6,0.0967,142.2,10.0
Buoys,ACO-GRAANK (2.0),0.6,0.1704,148.4,11.0
Buoys,ACO-GRAANK (2.0),0.6,0.0855,144.0,6.0
Buoys,ACO-GRAANK (2.0),0.6,0.0644,130.8,4.0
Buoys,ACO-GRAANK (2.0),0.6,0.0648,124.0,6.0
Buoys,ACO-GRAANK (2.0),0.6,0.3586,166.3,13.0
Buoys,ACO-GRAANK (2.0),0.6,0.0887,142.4,8.0
Buoys,ACO-GRAANK (2.0),0.6,0.0926,149.3,7.0
Buoys,ACO-GRAANK (2.0),0.6,0.0371,118.5,2.0
Buoys,ACO-GRAANK (2.0),0.6,0.2289,163.0,17.0
Buoys,ACO-GRAANK (2.0),0.6,0.0506,132.8,3.0
Buoys,ACO-GRAANK (2.0),0.6,0.0462,130.2,3.0
Buoys,ACO-GRAANK (2.0),0.6,0.1355,173.6,7.0
Buoys,ACO-GRAANK (2.0),0.6,0.0617,130.8,3.0
Buoys,ACO-GRAANK (2.0),0.6,0.0369,117.4,2.0
Buoys,ACO-GRAANK (2.0),0.6,0.0488,131.4,4.0
Buoys,ACO-GRAANK (2.0),0.6,0.3018,210.2,13.0
Buoys,ACO-GRAANK (2.0),0.6,0.0287,101.2,1.0
Buoys,ACO-GRAANK (2.0),0.6,0.0617,125.7,5.0
Buoys,ACO-GRAANK (2.0),0.6,0.0547,122.7,4.0
Buoys,ACO-GRAANK (2.0),0.6,0.0994,149.4,8.0
Buoys,ACO-GRAANK (2.0),0.6,0.2169,161.2,9.0
Buoys,ACO-GRAANK (2.0),0.6,0.0787,138.4,8.0
Buoys,ACO-GRAANK (2.0),0.6,0.0861,140.2,9.0
Buoys,ACO-GRAANK (2.0),0.6,0.1833,150.0,12.0
Buoys,ACO-GRAANK (2.0),0.6,0.0346,113.2,2.0
Buoys,ACO-GRAANK (2.0),0.6,0.0898,143.2,5.0
Buoys,ACO-GRAANK (2.0),0.6,0.1798,147.3,9.0
Buoys,ACO-GRAANK (2.0),0.6,0.0545,121.8,5.0
Buoys,ACO-LCM (1.0),0.6,2.9668,450.7,9.0
Buoys,ACO-LCM (1.0),0.6,2.3962,429.9,2.0
Buoys,ACO-LCM (1.0),0.6,3.0891,460.0,11.0
Buoys,ACO-LCM (1.0),0.6,2.8606,446.2,7.0
Buoys,ACO-LCM (1.0),0.6,3.1762,454.5,12.0
Buoys,ACO-LCM (1.0),0.6,3.008,448.7,7.0
Buoys,ACO-LCM (1.0),0.6,2.6107,440.4,3.0
Buoys,ACO-LCM (1.0),0.6,3.0916,452.7,10.0
Buoys,ACO-LCM (1.0),0.6,2.7674,446.7,6.0
Buoys,ACO-LCM (1.0),0.6,2.8734,448.3,6.0
Buoys,ACO-LCM (1.0),0.6,2.8444,449.1,7.0
Buoys,ACO-LCM (1.0),0.6,3.0048,452.9,10.0
Buoys,ACO-LCM (1.0),0.6,2.8137,449.1,6.0
Buoys,ACO-LCM (1.0),0.6,3.0088,450.1,9.0
Buoys,ACO-LCM (1.0),0.6,2.9257,450.6,10.0
Buoys,ACO-LCM (1.0),0.6,2.7317,445.9,5.0
Buoys,ACO-LCM (1.0),0.6,3.0114,448.1,9.0
Buoys,ACO-LCM (1.0),0.6,2.6286,444.4,5.0
Buoys,ACO-LCM (1.0),0.6,3.1369,451.8,12.0
Buoys,ACO-LCM (1.0),0.6,2.9172,449.9,8.0
Buoys,ACO-LCM (1.0),0.6,2.5416,438.7,3.0
Buoys,ACO-LCM (1.0),0.6,2.4178,431.9,2.0
Buoys,ACO-LCM (1.0),0.6,2.5919,444.0,4.0
Buoys,ACO-LCM (1.0),0.6,3.0059,451.0,9.0
Buoys,ACO-LCM (1.0),0.6,2.7791,447.3,5.0
Buoys,ACO-LCM (1.0),0.6,2.8111,450.5,7.0
Buoys,ACO-LCM (1.0),0.6,3.1326,450.6,10.0
Buoys,ACO-LCM (1.0),0.6,3.0454,451.0,10.0
Buoys,ACO-LCM (1.0),0.6,2.8243,450.7,7.0
Buoys,ACO-LCM (1.0),0.6,2.5587,429.3,2.0
Buoys,ACO-LCM (1.0),0.6,2.8892,448.5,9.0
Buoys,ACO-LCM (1.0),0.6,2.9341,443.5,9.0
Buoys,ACO-LCM (1.0),0.6,2.8517,446.4,9.0
Buoys,GRAANK,0.6,4.1388,137.6,66.0
Buoys,GRAANK,0.6,4.2421,137.6,66.0
Buoys,GRAANK,0.6,4.1394,137.6,66.0
Buoys,GRAANK,0.6,4.1385,137.6,66.0
Buoys,GRAANK,0.6,4.1376,137.6,66.0
Buoys,GRAANK,0.6,4.146,137.6,66.0
Buoys,GRAANK,0.6,4.1812,137.6,66.0
Buoys,GRAANK,0.6,4.1522,137.5,66.0
Buoys,GRAANK,0.6,4.199,137.6,66.0
Buoys,GRAANK,0.6,4.1216,137.6,66.0
Buoys,GRAANK,0.6,4.1356,137.6,66.0
Buoys,GRAANK,0.6,4.126,137.6,66.0
Buoys,GRAANK,0.6,4.1986,137.6,66.0
Buoys,GRAANK,0.6,4.2053,137.6,66.0
Buoys,GRAANK,0.6,4.2142,137.6,66.0
Buoys,GRAANK,0.6,4.1297,137.6,66.0
Buoys,GRAANK,0.6,4.1967,137.6,66.0
Buoys,GRAANK,0.6,4.1859,137.6,66.0
Buoys,GRAANK,0.6,4.1977,137.6,66.0
Buoys,GRAANK,0.6,4.2144,137.5,66.0
Buoys,GRAANK,0.6,4.1844,137.5,66.0
Buoys,GRAANK,0.6,4.209,137.6,66.0
Buoys,GRAANK,0.6,4.189,137.6,66.0
Buoys,GRAANK,0.6,4.1471,137.6,66.0
Buoys,GRAANK,0.6,4.1929,137.6,66.0
Buoys,GRAANK,0.6,4.1838,137.6,66.0
Buoys,GRAANK,0.6,4.1454,137.6,66.0
Buoys,GRAANK,0.6,4.1382,137.6,66.0
Buoys,GRAANK,0.6,4.1912,137.6,66.0
Buoys,GRAANK,0.6,4.1872,137.5,66.0
Buoys,GRAANK,0.6,4.2085,137.6,66.0
Buoys,GRAANK,0.6,4.1872,137.6,66.0
Buoys,GRAANK,0.6,4.2447,137.6,66.0
Buoys,LCM-GRAD (1.0),0.6,244.59,53995.0,33.0
Buoys,LCM-GRAD (1.0),0.6,225.99,53995.0,33.0
Buoys,LCM-GRAD (1.0),0.6,225.98,53995.0,33.0
Buoys,LCM-GRAD (1.0),0.6,233.86,53995.0,33.0
Buoys,LCM-GRAD (1.0),0.6,224.59,53995.0,33.0
Buoys,LCM-GRAD (1.0),0.6,224.08,53995.0,33.0
Buoys,LCM-GRAD (1.0),0.6,222.73,53995.0,33.0
Buoys,LCM-GRAD (1.0),0.6,224.4,53995.0,33.0
Buoys,LCM-GRAD (1.0),0.6,227.89,53995.0,33.0
Buoys,LCM-GRAD (1.0),0.6,237.92,53995.0,33.0
Buoys,LCM-GRAD (1.0),0.6,237.54,53995.0,33.0
Buoys,LCM-GRAD (1.0),0.6,228.61,53995.0,33.0
Buoys,LCM-GRAD (1.0),0.6,227.55,53995.0,33.0
Buoys,LCM-GRAD (1.0),0.6,229.05,53995.0,33.0
Buoys,LCM-GRAD (1.0),0.6,224.32,53995.0,33.0
Buoys,LCM-GRAD (1.0),0.6,226.72,53995.0,33.0
Buoys,LCM-GRAD (1.0),0.6,229.92,53995.0,33.0
Buoys,LCM-GRAD (1.0),0.6,232.79,53995.0,33.0
Buoys,LCM-GRAD (1.0),0.6,232.62,53996.0,33.0
Buoys,LCM-GRAD (1.0),0.6,223.87,53995.0,33.0
Buoys,LCM-GRAD (1.0),0.6,241.59,53995.0,33.0
Buoys,LCM-GRAD (1.0),0.6,224.72,53995.0,33.0
Buoys,LCM-GRAD (1.0),0.6,223.6,53995.0,33.0
Buoys,LCM-GRAD (1.0),0.6,227.69,53995.0,33.0
Buoys,LCM-GRAD (1.0),0.6,228.91,53995.0,33.0
Buoys,LCM-GRAD (1.0),0.6,228.1,53995.0,33.0
Buoys,LCM-GRAD (1.0),0.6,230.47,53995.0,33.0
Buoys,LCM-GRAD (1.0),0.6,232.37,53995.0,33.0
Buoys,LCM-GRAD (1.0),0.6,224.74,53995.0,33.0
Buoys,LCM-GRAD (1.0),0.6,237.54,53995.0,33.0
Buoys,LCM-GRAD (1.0),0.6,227.2,53995.0,33.0
Buoys,LCM-GRAD (1.0),0.6,228.55,53995.0,33.0
Buoys,LCM-GRAD (1.0),0.6,225.21,53995.0,33.0
Buoys,ACO-GRAANK (2.0),0.7,0.0567,126.3,4.0
Buoys,ACO-GRAANK (2.0),0.7,0.0569,120.6,4.0
Buoys,ACO-GRAANK (2.0),0.7,0.2301,190.1,6.0
Buoys,ACO-GRAANK (2.0),0.7,0.0967,153.5,4.0
Buoys,ACO-GRAANK (2.0),0.7,0.0628,126.1,3.0
Buoys,ACO-GRAANK (2.0),0.7,0.1097,160.7,4.0
Buoys,ACO-GRAANK (2.0),0.7,0.2205,189.4,6.0
Buoys,ACO-GRAANK (2.0),0.7,0.1885,159.9,5.0
Buoys,ACO-GRAANK (2.0),0.7,0.0559,120.1,3.0
Buoys,ACO-GRAANK (2.0),0.7,0.2225,188.2,8.0
Buoys,ACO-GRAANK (2.0),0.7,0.0658,129.8,4.0
Buoys,ACO-GRAANK (2.0),0.7,0.1978,162.4,7.0
Buoys,ACO-GRAANK (2.0),0.7,0.0433,124.5,3.0
Buoys,ACO-GRAANK (2.0),0.7,0.0414,122.5,2.0
Buoys,ACO-GRAANK (2.0),0.7,0.0416,125.0,3.0
Buoys,ACO-GRAANK (2.0),0.7,0.1801,149.9,7.0
Buoys,ACO-GRAANK (2.0),0.7,0.111,157.3,6.0
Buoys,ACO-GRAANK (2.0),0.7,0.0561,124.9,4.0
Buoys,ACO-GRAANK (2.0),0.7,0.4965,204.0,7.0
Buoys,ACO-GRAANK (2.0),0.7,0.21,175.5,6.0
Buoys,ACO-GRAANK (2.0),0.7,0.1376,173.6,8.0
Buoys,ACO-GRAANK (2.0),0.7,0.096,149.7,4.0
Buoys,ACO-GRAANK (2.0),0.7,0.1182,164.0,5.0
Buoys,ACO-GRAANK (2.0),0.7,0.0869,146.0,3.0
Buoys,ACO-GRAANK (2.0),0.7,0.1227,161.4,9.0
Buoys,ACO-GRAANK (2.0),0.7,0.1429,173.8,7.0
Buoys,ACO-GRAANK (2.0),0.7,0.1714,143.3,8.0
Buoys,ACO-GRAANK (2.0),0.7,0.1835,161.6,7.0
Buoys,ACO-GRAANK (2.0),0.7,0.1186,160.7,7.0
Buoys,ACO-GRAANK (2.0),0.7,0.1203,167.4,6.0
Buoys,ACO-GRAANK (2.0),0.7,0.1335,167.0,5.0
Buoys,ACO-GRAANK (2.0),0.7,0.104,158.9,5.0
Buoys,ACO-GRAANK (2.0),0.7,0.345,169.2,13.0
Buoys,ACO-LCM (1.0),0.7,3.0602,444.3,9.0
Buoys,ACO-LCM (1.0),0.7,3.1615,444.4,9.0
Buoys,ACO-LCM (1.0),0.7,2.6666,435.5,3.0
Buoys,ACO-LCM (1.0),0.7,2.8533,445.9,7.0
Buoys,ACO-LCM (1.0),0.7,2.759,440.0,5.0
Buoys,ACO-LCM (1.0),0.7,3.0,442.2,7.0
Buoys,ACO-LCM (1.0),0.7,2.8942,442.9,7.0
Buoys,ACO-LCM (1.0),0.7,2.7189,440.0,5.0
Buoys,ACO-LCM (1.0),0.7,3.2318,443.3,10.0
Buoys,ACO-LCM (1.0),0.7,2.701,432.9,3.0
Buoys,ACO-LCM (1.0),0.7,2.6105,433.3,3.0
Buoys,ACO-LCM (1.0),0.7,2.8839,453.6,7.0
Buoys,ACO-LCM (1.0),0.7,3.3377,442.3,11.0
Buoys,ACO-LCM (1.0),0.7,2.5815,435.5,3.0
Buoys,ACO-LCM (1.0),0.7,2.5658,435.8,3.0
Buoys,ACO-LCM (1.0),0.7,2.6082,435.4,3.0
Buoys,ACO-LCM (1.0),0.7,3.3648,443.4,10.0
Buoys,ACO-LCM (1.0),0.7,2.5462,428.9,2.0
Buoys,ACO-LCM (1.0),0.7,3.1482,441.3,9.0
Buoys,ACO-LCM (1.0),0.7,2.9371,442.0,6.0
Buoys,ACO-LCM (1.0),0.7,3.0153,440.9,8.0
Buoys,ACO-LCM (1.0),0.7,3.3474,443.5,11.0
Buoys,ACO-LCM (1.0),0.7,3.0086,446.5,7.0
Buoys,ACO-LCM (1.0),0.7,3.447,444.0,12.0
Buoys,ACO-LCM (1.0),0.7,2.5119,428.5,2.0
Buoys,ACO-LCM (1.0),0.7,2.891,442.9,7.0
Buoys,ACO-LCM (1.0),0.7,3.1751,458.1,11.0
Buoys,ACO-LCM (1.0),0.7,3.2953,447.7,10.0
Buoys,ACO-LCM (1.0),0.7,2.9001,442.8,6.0
Buoys,ACO-LCM (1.0),0.7,2.948,443.0,7.0
Buoys,ACO-LCM (1.0),0.7,3.1914,442.4,9.0
Buoys,ACO-LCM (1.0),0.7,2.599,432.9,3.0
Buoys,ACO-LCM (1.0),0.7,3.0625,442.2,8.0
Buoys,GRAANK,0.7,2.1676,107.7,32.0
Buoys,GRAANK,0.7,2.1599,107.6,32.0
Buoys,GRAANK,0.7,2.1639,107.7,32.0
Buoys,GRAANK,0.7,2.1809,107.7,32.0
Buoys,GRAANK,0.7,2.1437,107.7,32.0
Buoys,GRAANK,0.7,2.1718,107.7,32.0
Buoys,GRAANK,0.7,2.1852,107.7,32.0
Buoys,GRAANK,0.7,2.1906,107.7,32.0
Buoys,GRAANK,0.7,2.1832,107.7,32.0
Buoys,GRAANK,0.7,2.1555,107.7,32.0
Buoys,GRAANK,0.7,2.1849,107.7,32.0
Buoys,GRAANK,0.7,2.1799,107.7,32.0
Buoys,GRAANK,0.7,2.1649,107.7,32.0
Buoys,GRAANK,0.7,2.1723,107.7,32.0
Buoys,GRAANK,0.7,2.1717,107.7,32.0
Buoys,GRAANK,0.7,2.1891,107.7,32.0
Buoys,GRAANK,0.7,2.166,107.7,32.0
Buoys,GRAANK,0.7,2.1717,107.7,32.0
Buoys,GRAANK,0.7,2.1852,107.7,32.0
Buoys,GRAANK,0.7,2.1585,107.7,32.0
Buoys,GRAANK,0.7,2.1618,107.7,32.0
Buoys,GRAANK,0.7,2.1794,107.7,32.0
Buoys,GRAANK,0.7,2.1657,107.6,32.0
Buoys,GRAANK,0.7,2.1656,107.7,32.0
Buoys,GRAANK,0.7,2.1983,107.7,32.0
Buoys,GRAANK,0.7,2.1509,107.7,32.0
Buoys,GRAANK,0.7,2.1758,107.7,32.0
Buoys,GRAANK,0.7,2.2047,107.7,32.0
Buoys,GRAANK,0.7,2.1754,107.7,32.0
Buoys,GRAANK,0.7,2.1907,107.6,32.0
Buoys,GRAANK,0.7,2.1681,107.7,32.0
Buoys,GRAANK,0.7,2.1835,107.7,32.0
Buoys,GRAANK,0.7,2.1574,107.7,32.0
Buoys,LCM-GRAD (1.0),0.7,157.61,53183.0,33.0
Buoys,LCM-GRAD (1.0),0.7,163.92,53183.0,33.0
Buoys,LCM-GRAD (1.0),0.7,162.12,53183.0,33.0
Buoys,LCM-GRAD (1.0),0.7,159.49,53183.0,33.0
Buoys,LCM-GRAD (1.0),0.7,157.48,53183.0,33.0
Buoys,LCM-GRAD (1.0),0.7,162.38,53183.0,33.0
Buoys,LCM-GRAD (1.0),0.7,165.14,53183.0,33.0
Buoys,LCM-GRAD (1.0),0.7,161.85,53183.0,33.0
Buoys,LCM-GRAD (1.0),0.7,163.06,53183.0,33.0
Buoys,LCM-GRAD (1.0),0.7,161.51,53183.0,33.0
Buoys,LCM-GRAD (1.0),0.7,156.84,53183.0,33.0
Buoys,LCM-GRAD (1.0),0.7,158.55,53183.0,33.0
Buoys,LCM-GRAD (1.0),0.7,164.11,53183.0,33.0
Buoys,LCM-GRAD (1.0),0.7,165.21,53183.0,33.0
Buoys,LCM-GRAD (1.0),0.7,157.63,53183.0,33.0
Buoys,LCM-GRAD (1.0),0.7,156.52,53183.0,33.0
Buoys,LCM-GRAD (1.0),0.7,157.55,53183.0,33.0
Buoys,LCM-GRAD (1.0),0.7,160.49,53183.0,33.0
Buoys,LCM-GRAD (1.0),0.7,158.58,53183.0,33.0
Buoys,LCM-GRAD (1.0),0.7,163.87,53183.0,33.0
Buoys,LCM-GRAD (1.0),0.7,157.09,53183.0,33.0
Buoys,LCM-GRAD (1.0),0.7,164.71,53183.0,33.0
Buoys,LCM-GRAD (1.0),0.7,162.79,53183.0,33.0
Buoys,LCM-GRAD (1.0),0.7,160.49,53183.0,33.0
Buoys,LCM-GRAD (1.0),0.7,161.49,53183.0,33.0
Buoys,LCM-GRAD (1.0),0.7,163.61,53183.0,33.0
Buoys,LCM-GRAD (1.0),0.7,161.93,53183.0,33.0
Buoys,LCM-GRAD (1.0),0.7,161.95,53183.0,33.0
Buoys,LCM-GRAD (1.0),0.7,161.23,53183.0,33.0
Buoys,LCM-GRAD (1.0),0.7,158.02,53183.0,33.0
Buoys,LCM-GRAD (1.0),0.7,160.28,53183.0,33.0
Buoys,LCM-GRAD (1.0),0.7,158.22,53183.0,33.0
Buoys,LCM-GRAD (1.0),0.7,163.51,53183.0,33.0
Buoys,ACO-GRAANK (2.0),0.8,0.216,211.8,3.0
Buoys,ACO-GRAANK (2.0),0.8,0.1217,172.4,4.0
Buoys,ACO-GRAANK (2.0),0.8,0.3076,171.6,4.0
Buoys,ACO-GRAANK (2.0),0.8,0.4156,235.5,3.0
Buoys,ACO-GRAANK (2.0),0.8,0.1686,162.6,5.0
Buoys,ACO-GRAANK (2.0),0.8,0.0312,106.1,1.0
Buoys,ACO-GRAANK (2.0),0.8,0.1422,184.0,3.0
Buoys,ACO-GRAANK (2.0),0.8,0.0881,152.8,2.0
Buoys,ACO-GRAANK (2.0),0.8,0.3738,206.0,4.0
Buoys,ACO-GRAANK (2.0),0.8,0.1723,145.8,6.0
Buoys,ACO-GRAANK (2.0),0.8,0.1176,176.2,3.0
Buoys,ACO-GRAANK (2.0),0.8,1.0755,274.0,3.0
Buoys,ACO-GRAANK (2.0),0.8,0.1542,138.5,6.0
Buoys,ACO-GRAANK (2.0),0.8,0.155,153.4,4.0
Buoys,ACO-GRAANK (2.0),0.8,0.0877,144.4,3.0
Buoys,ACO-GRAANK (2.0),0.8,0.0443,130.2,2.0
Buoys,ACO-GRAANK (2.0),0.8,0.0331,113.2,1.0
Buoys,ACO-GRAANK (2.0),0.8,0.2268,200.9,2.0
Buoys,ACO-GRAANK (2.0),0.8,0.3918,230.4,2.0
Buoys,ACO-GRAANK (2.0),0.8,0.0848,147.2,2.0
Buoys,ACO-GRAANK (2.0),0.8,0.0775,144.1,2.0
Buoys,ACO-GRAANK (2.0),0.8,0.0504,126.0,1.0
Buoys,ACO-GRAANK (2.0),0.8,0.1023,159.3,4.0
Buoys,ACO-GRAANK (2.0),0.8,0.1071,171.7,3.0
Buoys,ACO-GRAANK (2.0),0.8,0.3689,200.3,4.0
Buoys,ACO-GRAANK (2.0),0.8,0.0443,130.3,1.0
Buoys,ACO-GRAANK (2.0),0.8,0.6389,233.5,4.0
Buoys,ACO-GRAANK (2.0),0.8,0.4295,234.8,3.0
Buoys,ACO-GRAANK (2.0),0.8,0.1214,165.0,3.0
Buoys,ACO-GRAANK (2.0),0.8,0.0397,123.1,2.0
Buoys,ACO-GRAANK (2.0),0.8,0.0692,140.4,3.0
Buoys,ACO-GRAANK (2.0),0.8,0.298,166.2,6.0
Buoys,ACO-GRAANK (2.0),0.8,0.2261,185.8,4.0
Buoys,ACO-LCM (1.0),0.8,3.6264,440.3,10.0
Buoys,ACO-LCM (1.0),0.8,2.5379,426.9,2.0
Buoys,ACO-LCM (1.0),0.8,3.9831,440.9,12.0
Buoys,ACO-LCM (1.0),0.8,3.5361,439.9,10.0
Buoys,ACO-LCM (1.0),0.8,3.0049,443.3,6.0
Buoys,ACO-LCM (1.0),0.8,2.9397,437.4,5.0
Buoys,ACO-LCM (1.0),0.8,3.3422,442.9,8.0
Buoys,ACO-LCM (1.0),0.8,3.3531,440.9,9.0
Buoys,ACO-LCM (1.0),0.8,3.5367,443.5,10.0
Buoys,ACO-LCM (1.0),0.8,3.5358,439.8,10.0
Buoys,ACO-LCM (1.0),0.8,2.4933,426.5,2.0
Buoys,ACO-LCM (1.0),0.8,3.5159,441.1,10.0
Buoys,ACO-LCM (1.0),0.8,3.528,441.2,10.0
Buoys,ACO-LCM (1.0),0.8,3.6572,439.2,8.0
Buoys,ACO-LCM (1.0),0.8,2.9314,437.1,5.0
Buoys,ACO-LCM (1.0),0.8,2.6948,431.6,3.0
Buoys,ACO-LCM (1.0),0.8,3.0644,438.5,6.0
Buoys,ACO-LCM (1.0),0.8,3.1316,440.5,7.0
Buoys,ACO-LCM (1.0),0.8,3.8081,439.6,12.0
Buoys,ACO-LCM (1.0),0.8,3.0947,439.2,6.0
Buoys,ACO-LCM (1.0),0.8,3.198,439.3,7.0
Buoys,ACO-LCM (1.0),0.8,2.9756,440.2,6.0
Buoys,ACO-LCM (1.0),0.8,3.591,439.8,10.0
Buoys,ACO-LCM (1.0),0.8,3.4646,440.6,10.0
Buoys,ACO-LCM (1.0),0.8,3.3167,439.7,8.0
Buoys,ACO-LCM (1.0),0.8,2.6733,431.9,3.0
Buoys,ACO-LCM (1.0),0.8,2.9576,437.4,5.0
Buoys,ACO-LCM (1.0),0.8,2.7365,431.0,3.0
Buoys,ACO-LCM (1.0),0.8,3.3398,440.0,9.0
Buoys,ACO-LCM (1.0),0.8,3.1815,438.5,7.0
Buoys,ACO-LCM (1.0),0.8,2.6356,432.1,3.0
Buoys,ACO-LCM (1.0),0.8,2.8368,430.3,3.0
Buoys,ACO-LCM (1.0),0.8,2.6885,434.6,3.0
Buoys,GRAANK,0.8,1.6221,84.4,16.0
Buoys,GRAANK,0.8,1.6342,84.4,16.0
Buoys,GRAANK,0.8,1.6291,84.4,16.0
Buoys,GRAANK,0.8,1.6203,84.3,16.0
Buoys,GRAANK,0.8,1.6192,84.4,16.0
Buoys,GRAANK,0.8,1.6177,84.3,16.0
Buoys,GRAANK,0.8,1.6256,84.4,16.0
Buoys,GRAANK,0.8,1.6344,84.4,16.0
Buoys,GRAANK,0.8,1.625,84.4,16.0
Buoys,GRAANK,0.8,1.6262,84.4,16.0
Buoys,GRAANK,0.8,1.6388,84.4,16.0
Buoys,GRAANK,0.8,1.6274,84.4,16.0
Buoys,GRAANK,0.8,1.6246,84.4,16.0
Buoys,GRAANK,0.8,1.6174,84.4,16.0
Buoys,GRAANK,0.8,1.6327,84.4,16.0
Buoys,GRAANK,0.8,1.635,84.3,16.0
Buoys,GRAANK,0.8,1.6372,84.4,16.0
Buoys,GRAANK,0.8,1.6233,84.4,16.0
Buoys,GRAANK,0.8,1.6239,84.4,16.0
Buoys,GRAANK,0.8,1.6299,84.3,16.0
Buoys,GRAANK,0.8,1.6256,84.3,16.0
Buoys,GRAANK,0.8,1.6143,84.3,16.0
Buoys,GRAANK,0.8,1.6287,84.3,16.0
Buoys,GRAANK,0.8,1.6193,84.4,16.0
Buoys,GRAANK,0.8,1.6233,84.4,16.0
Buoys,GRAANK,0.8,1.6226,84.3,16.0
Buoys,GRAANK,0.8,1.6154,84.4,16.0
Buoys,GRAANK,0.8,1.628,84.4,16.0
Buoys,GRAANK,0.8,1.6294,84.4,16.0
Buoys,GRAANK,0.8,1.6223,84.4,16.0
Buoys,GRAANK,0.8,1.6118,84.4,16.0
Buoys,GRAANK,0.8,1.6299,84.4,16.0
Buoys,GRAANK,0.8,1.6065,84.4,16.0
Buoys,LCM-GRAD (1.0),0.8,130.43,50920.0,32.0
Buoys,LCM-GRAD (1.0),0.8,132.0,50920.0,32.0
Buoys,LCM-GRAD (1.0),0.8,129.06,50920.0,32.0
Buoys,LCM-GRAD (1.0),0.8,130.36,51160.0,32.0
Buoys,LCM-GRAD (1.0),0.8,134.71,51160.0,32.0
Buoys,LCM-GRAD (1.0),0.8,133.65,50920.0,32.0
Buoys,LCM-GRAD (1.0),0.8,130.92,50920.0,32.0
Buoys,LCM-GRAD (1.0),0.8,130.89,51160.0,32.0
Buoys,LCM-GRAD (1.0),0.8,132.36,50920.0,32.0
Buoys,LCM-GRAD (1.0),0.8,129.88,51100.0,32.0
Buoys,LCM-GRAD (1.0),0.8,128.97,50920.0,32.0
Buoys,LCM-GRAD (1.0),0.8,141.44,50920.0,32.0
Buoys,LCM-GRAD (1.0),0.8,129.11,50920.0,32.0
Buoys,LCM-GRAD (1.0),0.8,130.99,50920.0,32.0
Buoys,LCM-GRAD (1.0),0.8,138.94,50920.0,32.0
Buoys,LCM-GRAD (1.0),0.8,129.53,50920.0,32.0
Buoys,LCM-GRAD (1.0),0.8,129.41,50920.0,32.0
Buoys,LCM-GRAD (1.0),0.8,131.74,50921.0,32.0
Buoys,LCM-GRAD (1.0),0.8,132.01,50920.0,32.0
Buoys,LCM-GRAD (1.0),0.8,129.18,50920.0,32.0
Buoys,LCM-GRAD (1.0),0.8,130.72,50920.0,32.0
Buoys,LCM-GRAD (1.0),0.8,132.83,50920.0,32.0
Buoys,LCM-GRAD (1.0),0.8,134.61,50920.0,32.0
Buoys,LCM-GRAD (1.0),0.8,129.67,50920.0,32.0
Buoys,LCM-GRAD (1.0),0.8,129.03,50920.0,32.0
Buoys,LCM-GRAD (1.0),0.8,131.64,50920.0,32.0
Buoys,LCM-GRAD (1.0),0.8,129.95,50920.0,32.0
Buoys,LCM-GRAD (1.0),0.8,133.71,51160.0,32.0
Buoys,LCM-GRAD (1.0),0.8,131.38,50920.0,32.0
Buoys,LCM-GRAD (1.0),0.8,129.37,51100.0,32.0
Buoys,LCM-GRAD (1.0),0.8,131.39,51100.0,32.0
Buoys,LCM-GRAD (1.0),0.8,130.83,50920.0,32.0
Buoys,LCM-GRAD (1.0),0.8,132.6,50920.0,32.0
Buoys,ACO-GRAANK (2.0),0.9,0.283,185.5,1.0
Buoys,ACO-GRAANK (2.0),0.9,0.7316,263.0,0.0
Buoys,ACO-GRAANK (2.0),0.9,1.1242,207.2,1.0
Buoys,ACO-GRAANK (2.0),0.9,0.4533,196.4,1.0
Buoys,ACO-GRAANK (2.0),0.9,0.7181,196.4,0.0
Buoys,ACO-GRAANK (2.0),0.9,0.0999,157.1,1.0
Buoys,ACO-GRAANK (2.0),0.9,0.7128,239.4,2.0
Buoys,ACO-GRAANK (2.0),0.9,0.2251,203.2,1.0
Buoys,ACO-GRAANK (2.0),0.9,0.088,154.4,1.0
Buoys,ACO-GRAANK (2.0),0.9,0.4315,219.4,2.0
Buoys,ACO-GRAANK (2.0),0.9,0.0547,123.8,1.0
Buoys,ACO-GRAANK (2.0),0.9,0.1065,163.8,1.0
Buoys,ACO-GRAANK (2.0),0.9,0.6812,242.6,1.0
Buoys,ACO-GRAANK (2.0),0.9,0.8132,219.3,0.0
Buoys,ACO-GRAANK (2.0),0.9,0.7308,189.0,1.0
Buoys,ACO-GRAANK (2.0),0.9,0.4337,235.4,1.0
Buoys,ACO-GRAANK (2.0),0.9,0.1094,166.2,1.0
Buoys,ACO-GRAANK (2.0),0.9,0.2599,160.2,2.0
Buoys,ACO-GRAANK (2.0),0.9,0.2801,178.2,1.0
Buoys,ACO-GRAANK (2.0),0.9,0.8209,212.8,1.0
Buoys,ACO-GRAANK (2.0),0.9,0.2259,198.1,0.0
Buoys,ACO-GRAANK (2.0),0.9,0.2118,193.9,1.0
Buoys,ACO-GRAANK (2.0),0.9,0.821,192.9,1.0
Buoys,ACO-GRAANK (2.0),0.9,1.5095,241.4,0.0
Buoys,ACO-GRAANK (2.0),0.9,0.191,187.1,2.0
Buoys,ACO-GRAANK (2.0),0.9,4.3827,294.0,0.0
Buoys,ACO-GRAANK (2.0),0.9,0.8121,220.2,0.0
Buoys,ACO-GRAANK (2.0),0.9,0.3975,220.0,2.0
Buoys,ACO-GRAANK (2.0),0.9,0.6456,233.7,1.0
Buoys,ACO-GRAANK (2.0),0.9,0.2712,177.3,1.0
Buoys,ACO-GRAANK (2.0),0.9,0.7109,177.8,1.0
Buoys,ACO-GRAANK (2.0),0.9,0.3432,232.9,2.0
Buoys,ACO-GRAANK (2.0),0.9,1.0052,247.5,2.0
Buoys,ACO-LCM (1.0),0.9,3.4207,437.3,8.0
Buoys,ACO-LCM (1.0),0.9,2.5551,425.0,2.0
Buoys,ACO-LCM (1.0),0.9,3.3338,438.1,6.0
Buoys,ACO-LCM (1.0),0.9,2.9546,436.3,5.0
Buoys,ACO-LCM (1.0),0.9,3.7907,438.1,11.0
Buoys,ACO-LCM (1.0),0.9,3.5629,437.2,8.0
Buoys,ACO-LCM (1.0),0.9,3.2108,436.5,6.0
Buoys,ACO-LCM (1.0),0.9,3.2591,438.6,7.0
Buoys,ACO-LCM (1.0),0.9,3.5043,439.0,8.0
Buoys,ACO-LCM (1.0),0.9,3.1246,436.1,5.0
Buoys,ACO-LCM (1.0),0.9,3.5956,437.5,9.0
Buoys,ACO-LCM (1.0),0.9,3.2539,436.5,6.0
Buoys,ACO-LCM (1.0),0.9,3.5675,437.5,9.0
Buoys,ACO-LCM (1.0),0.9,3.8001,439.7,10.0
Buoys,ACO-LCM (1.0),0.9,3.8648,438.1,11.0
Buoys,ACO-LCM (1.0),0.9,3.9063,437.8,10.0
Buoys,ACO-LCM (1.0),0.9,3.6046,437.5,9.0
Buoys,ACO-LCM (1.0),0.9,3.9851,437.8,10.0
Buoys,ACO-LCM (1.0),0.9,2.61,425.1,2.0
Buoys,ACO-LCM (1.0),0.9,3.0197,435.6,5.0
Buoys,ACO-LCM (1.0),0.9,3.1921,436.5,6.0
Buoys,ACO-LCM (1.0),0.9,3.3522,436.9,7.0
Buoys,ACO-LCM (1.0),0.9,3.854,438.1,11.0
Buoys,ACO-LCM (1.0),0.9,2.7609,429.5,3.0
Buoys,ACO-LCM (1.0),0.9,3.1105,436.5,6.0
Buoys,ACO-LCM (1.0),0.9,2.6096,425.4,2.0
Buoys,ACO-LCM (1.0),0.9,3.7628,437.8,10.0
Buoys,ACO-LCM (1.0),0.9,2.7119,429.8,3.0
Buoys,ACO-LCM (1.0),0.9,2.8058,430.1,3.0
Buoys,ACO-LCM (1.0),0.9,2.6539,425.1,2.0
Buoys,ACO-LCM (1.0),0.9,3.1817,438.1,6.0
Buoys,ACO-LCM (1.0),0.9,3.6137,437.6,9.0
Buoys,ACO-LCM (1.0),0.9,3.8277,439.1,11.0
Buoys,GRAANK,0.9,1.5038,65.9,4.0
Buoys,GRAANK,0.9,1.5112,65.9,4.0
Buoys,GRAANK,0.9,1.504,65.9,4.0
Buoys,GRAANK,0.9,1.5083,65.9,4.0
Buoys,GRAANK,0.9,1.5127,65.9,4.0
Buoys,GRAANK,0.9,1.5175,65.9,4.0
Buoys,GRAANK,0.9,1.4972,65.9,4.0
Buoys,GRAANK,0.9,1.5085,65.9,4.0
Buoys,GRAANK,0.9,1.4994,65.9,4.0
Buoys,GRAANK,0.9,1.5094,65.9,4.0
Buoys,GRAANK,0.9,1.4976,65.9,4.0
Buoys,GRAANK,0.9,1.5005,65.9,4.0
Buoys,GRAANK,0.9,1.4943,65.9,4.0
Buoys,GRAANK,0.9,1.498,65.9,4.0
Buoys,GRAANK,0.9,1.503,65.9,4.0
Buoys,GRAANK,0.9,1.5082,65.9,4.0
Buoys,GRAANK,0.9,1.508,65.9,4.0
Buoys,GRAANK,0.9,1.5058,65.9,4.0
Buoys,GRAANK,0.9,1.5138,65.9,4.0
Buoys,GRAANK,0.9,1.4986,65.9,4.0
Buoys,GRAANK,0.9,1.5049,65.9,4.0
Buoys,GRAANK,0.9,1.4955,65.9,4.0
Buoys,GRAANK,0.9,1.5071,65.9,4.0
Buoys,GRAANK,0.9,1.5074,65.9,4.0
Buoys,GRAANK,0.9,1.5074,65.9,4.0
Buoys,GRAANK,0.9,1.512,65.9,4.0
Buoys,GRAANK,0.9,1.5031,65.9,4.0
Buoys,GRAANK,0.9,1.508,65.9,4.0
Buoys,GRAANK,0.9,1.505,65.9,4.0
Buoys,GRAANK,0.9,1.4876,65.9,4.0
Buoys,GRAANK,0.9,1.5024,65.9,4.0
Buoys,GRAANK,0.9,1.5138,65.9,4.0
Buoys,GRAANK,0.9,1.5084,65.9,4.0
Buoys,LCM-GRAD (1.0),0.9,114.46,47836.0,30.0
Buoys,LCM-GRAD (1.0),0.9,116.4,47836.0,30.0
Buoys,LCM-GRAD (1.0),0.9,112.61,47821.0,30.0
Buoys,LCM-GRAD (1.0),0.9,118.58,47836.0,30.0
Buoys,LCM-GRAD (1.0),0.9,119.16,47836.0,30.0
Buoys,LCM-GRAD (1.0),0.9,118.76,47836.0,30.0
Buoys,LCM-GRAD (1.0),0.9,112.4,47836.0,30.0
Buoys,LCM-GRAD (1.0),0.9,114.6,47836.0,30.0
Buoys,LCM-GRAD (1.0),0.9,119.39,47836.0,30.0
Buoys,LCM-GRAD (1.0),0.9,118.53,47836.0,30.0
Buoys,LCM-GRAD (1.0),0.9,113.01,47836.0,30.0
Buoys,LCM-GRAD (1.0),0.9,115.89,47836.0,30.0
Buoys,LCM-GRAD (1.0),0.9,114.74,47836.0,30.0
Buoys,LCM-GRAD (1.0),0.9,113.46,47836.0,30.0
Buoys,LCM-GRAD (1.0),0.9,115.6,47836.0,30.0
Buoys,LCM-GRAD (1.0),0.9,113.76,47836.0,30.0
Buoys,LCM-GRAD (1.0),0.9,113.02,47836.0,30.0
Buoys,LCM-GRAD (1.0),0.9,114.9,47836.0,30.0
Buoys,LCM-GRAD (1.0),0.9,117.39,47836.0,30.0
Buoys,LCM-GRAD (1.0),0.9,115.14,47836.0,30.0
Buoys,LCM-GRAD (1.0),0.9,117.3,47836.0,30.0
Buoys,LCM-GRAD (1.0),0.9,113.27,47836.0,30.0
Buoys,LCM-GRAD (1.0),0.9,115.15,47836.0,30.0
Buoys,LCM-GRAD (1.0),0.9,117.78,47836.0,30.0
Buoys,LCM-GRAD (1.0),0.9,114.73,47821.0,30.0
Buoys,LCM-GRAD (1.0),0.9,113.53,47836.0,30.0
Buoys,LCM-GRAD (1.0),0.9,114.65,47836.0,30.0
Buoys,LCM-GRAD (1.0),0.9,112.48,47836.0,30.0
Buoys,LCM-GRAD (1.0),0.9,126.3,47836.0,30.0
Buoys,LCM-GRAD (1.0),0.9,112.9,47836.0,30.0
Buoys,LCM-GRAD (1.0),0.9,113.38,47836.0,30.0
Buoys,LCM-GRAD (1.0),0.9,119.26,47836.0,30.0
Buoys,LCM-GRAD (1.0),0.9,113.33,47836.0,30.0
C2K,ACO-GRAANK (2.0),0.5,0.3063,202.4,10.0
C2K,ACO-GRAANK (2.0),0.5,2.3162,252.3,25.0
C2K,ACO-GRAANK (2.0),0.5,0.3579,209.9,12.0
C2K,ACO-GRAANK (2.0),0.5,0.1133,138.7,2.0
C2K,ACO-GRAANK (2.0),0.5,0.3209,206.0,8.0
C2K,ACO-GRAANK (2.0),0.5,0.7034,231.8,16.0
C2K,ACO-GRAANK (2.0),0.5,1.114,230.9,13.0
C2K,ACO-GRAANK (2.0),0.5,0.3415,192.1,9.0
C2K,ACO-GRAANK (2.0),0.5,0.175,168.7,3.0
C2K,ACO-GRAANK (2.0),0.5,0.1318,145.6,3.0
C2K,ACO-GRAANK (2.0),0.5,0.4728,225.5,11.0
C2K,ACO-GRAANK (2.0),0.5,2.5857,223.4,27.0
C2K,ACO-GRAANK (2.0),0.5,0.2105,190.2,3.0
C2K,ACO-GRAANK (2.0),0.5,0.5871,240.5,12.0
C2K,ACO-GRAANK (2.0),0.5,0.4568,222.1,12.0
C2K,ACO-GRAANK (2.0),0.5,0.3245,204.3,9.0
C2K,ACO-GRAANK (2.0),0.5,0.7611,230.2,18.0
C2K,ACO-GRAANK (2.0),0.5,0.3327,202.0,8.0
C2K,ACO-GRAANK (2.0),0.5,0.3898,216.5,9.0
C2K,ACO-GRAANK (2.0),0.5,0.7571,223.7,17.0
C2K,ACO-GRAANK (2.0),0.5,0.2622,184.7,7.0
C2K,ACO-GRAANK (2.0),0.5,0.1133,145.1,1.0
C2K,ACO-GRAANK (2.0),0.5,1.7002,228.9,24.0
C2K,ACO-GRAANK (2.0),0.5,1.1955,229.4,22.0
C2K,ACO-GRAANK (2.0),0.5,0.1813,174.9,5.0
C2K,ACO-GRAANK (2.0),0.5,0.727,234.2,17.0
C2K,ACO-GRAANK (2.0),0.5,0.9537,238.8,19.0
C2K,ACO-GRAANK (2.0),0.5,0.485,222.9,13.0
C2K,ACO-GRAANK (2.0),0.5,0.5349,242.3,13.0
C2K,ACO-GRAANK (2.0),0.5,0.2694,189.1,10.0
C2K,ACO-GRAANK (2.0),0.5,0.6321,228.0,13.0
C2K,ACO-GRAANK (2.0),0.5,0.7185,230.1,17.0
C2K,ACO-GRAANK (2.0),0.5,0.299,193.8,6.0
C2K,ACO-LCM (1.0),0.5,11.474,776.8,197.0
C2K,ACO-LCM (1.0),0.5,11.637,774.6,197.0
C2K,ACO-LCM (1.0),0.5,11.405,803.5,194.0
C2K,ACO-LCM (1.0),0.5,11.317,762.9,196.0
C2K,ACO-LCM (1.0),0.5,11.578,797.1,192.0
C2K,ACO-LCM (1.0),0.5,11.323,797.2,195.0
C2K,ACO-LCM (1.0),0.5,11.301,786.5,194.0
C2K,ACO-LCM (1.0),0.5,12.028,803.4,196.0
C2K,ACO-LCM (1.0),0.5,11.414,807.6,194.0
C2K,ACO-LCM (1.0),0.5,11.374,797.9,195.0
C2K,ACO-LCM (1.0),0.5,11.98,780.5,198.0
C2K,ACO-LCM (1.0),0.5,11.444,801.5,197.0
C2K,ACO-LCM (1.0),0.5,11.496,766.0,195.0
C2K,ACO-LCM (1.0),0.5,11.362,800.6,197.0
C2K,ACO-LCM (1.0),0.5,11.433,773.3,197.0
C2K,ACO-LCM (1.0),0.5,11.428,800.3,198.0
C2K,ACO-LCM (1.0),0.5,11.235,773.6,195.0
C2K,ACO-LCM (1.0),0.5,11.023,770.8,193.0
C2K,ACO-LCM (1.0),0.5,11.339,775.1,193.0
C2K,ACO-LCM (1.0),0.5,11.548,776.7,194.0
C2K,ACO-LCM (1.0),0.5,11.528,782.0,195.0
C2K,ACO-LCM (1.0),0.5,8.9705,754.1,107.0
C2K,ACO-LCM (1.0),0.5,11.209,773.8,196.0
C2K,ACO-LCM (1.0),0.5,11.282,781.8,196.0
C2K,ACO-LCM (1.0),0.5,11.667,795.1,195.0
C2K,ACO-LCM (1.0),0.5,11.519,786.1,191.0
C2K,ACO-LCM (1.0),0.5,11.261,767.8,192.0
C2K,ACO-LCM (1.0),0.5,11.433,770.4,194.0
C2K,ACO-LCM (1.0),0.5,11.825,799.9,197.0
C2K,ACO-LCM (1.0),0.5,11.363,783.8,194.0
C2K,ACO-LCM (1.0),0.5,11.585,796.8,199.0
C2K,ACO-LCM (1.0),0.5,11.3,777.5,197.0
C2K,ACO-LCM (1.0),0.5,11.052,781.9,192.0
C2K,GRAANK,0.5,58.13,217.9,802.0
C2K,GRAANK,0.5,58.099,218.0,802.0
C2K,GRAANK,0.5,57.836,218.0,802.0
C2K,GRAANK,0.5,57.663,218.0,802.0
C2K,GRAANK,0.5,57.637,218.0,802.0
C2K,GRAANK,0.5,58.062,217.9,802.0
C2K,GRAANK,0.5,57.414,218.0,802.0
C2K,GRAANK,0.5,57.965,218.0,802.0
C2K,GRAANK,0.5,56.95,218.0,802.0
C2K,GRAANK,0.5,57.475,218.0,802.0
C2K,GRAANK,0.5,58.004,217.9,802.0
C2K,GRAANK,0.5,57.632,218.0,802.0
C2K,GRAANK,0.5,57.054,218.0,802.0
C2K,GRAANK,0.5,57.779,218.0,802.0
C2K,GRAANK,0.5,58.571,218.0,802.0
C2K,GRAANK,0.5,58.248,218.0,802.0
C2K,GRAANK,0.5,58.086,218.0,802.0
C2K,GRAANK,0.5,57.914,218.0,802.0
C2K,GRAANK,0.5,57.449,218.0,802.0
C2K,GRAANK,0.5,57.204,218.0,802.0
C2K,GRAANK,0.5,57.472,218.0,802.0
C2K,GRAANK,0.5,57.956,218.0,802.0
C2K,GRAANK,0.5,57.987,218.0,802.0
C2K,GRAANK,0.5,57.779,218.0,802.0
C2K,GRAANK,0.5,58.76,217.9,802.0
C2K,GRAANK,0.5,58.479,218.0,802.0
C2K,GRAANK,0.5,58.224,217.9,802.0
C2K,GRAANK,0.5,58.267,218.0,802.0
C2K,GRAANK,0.5,57.625,218.0,802.0
C2K,GRAANK,0.5,57.843,218.0,802.0
C2K,GRAANK,0.5,57.342,218.0,802.0
C2K,GRAANK,0.5,58.555,218.0,802.0
C2K,GRAANK,0.5,58.553,218.0,802.0
C2K,ACO-GRAANK (2.0),0.6,2.885,301.5,9.0
C2K,ACO-GRAANK (2.0),0.6,0.1404,153.7,2.0
C2K,ACO-GRAANK (2.0),0.6,0.1354,155.0,3.0
C2K,ACO-GRAANK (2.0),0.6,13.602,249.1,7.0
C2K,ACO-GRAANK (2.0),0.6,1.0271,241.7,5.0
C2K,ACO-GRAANK (2.0),0.6,0.2336,185.9,4.0
C2K,ACO-GRAANK (2.0),0.6,0.9632,243.9,5.0
C2K,ACO-GRAANK (2.0),0.6,0.2127,193.3,4.0
C2K,ACO-GRAANK (2.0),0.6,0.7861,230.6,14.0
C2K,ACO-GRAANK (2.0),0.6,0.4766,240.8,8.0
C2K,ACO-GRAANK (2.0),0.6,0.5028,234.1,4.0
C2K,ACO-GRAANK (2.0),0.6,0.4274,224.3,6.0
C2K,ACO-GRAANK (2.0),0.6,0.6897,232.8,12.0
C2K,ACO-GRAANK (2.0),0.6,1.1325,252.0,8.0
C2K,ACO-GRAANK (2.0),0.6,0.5431,234.9,6.0
C2K,ACO-GRAANK (2.0),0.6,0.2205,190.9,3.0
C2K,ACO-GRAANK (2.0),0.6,0.4534,232.5,4.0
C2K,ACO-GRAANK (2.0),0.6,0.3293,209.3,5.0
C2K,ACO-GRAANK (2.0),0.6,0.2934,214.9,3.0
C2K,ACO-GRAANK (2.0),0.6,1.1912,226.2,7.0
C2K,ACO-GRAANK (2.0),0.6,0.4112,222.3,7.0
C2K,ACO-GRAANK (2.0),0.6,0.194,181.0,2.0
C2K,ACO-GRAANK (2.0),0.6,0.5048,237.0,6.0
C2K,ACO-GRAANK (2.0),0.6,0.1723,186.0,2.0
C2K,ACO-GRAANK (2.0),0.6,0.5813,236.1,8.0
C2K,ACO-GRAANK (2.0),0.6,0.3856,230.8,7.0
C2K,ACO-GRAANK (2.0),0.6,0.1198,143.6,2.0
C2K,ACO-GRAANK (2.0),0.6,0.3434,222.5,7.0
C2K,ACO-GRAANK (2.0),0.6,3.627,249.2,15.0
C2K,ACO-GRAANK (2.0),0.6,0.2503,214.4,2.0
C2K,ACO-GRAANK (2.0),0.6,2.5334,246.2,8.0
C2K,ACO-GRAANK (2.0),0.6,0.6439,221.5,7.0
C2K,ACO-GRAANK (2.0),0.6,0.1777,187.8,2.0
C2K,ACO-LCM (1.0),0.6,12.757,866.3,197.0
C2K,ACO-LCM (1.0),0.6,12.916,868.6,197.0
C2K,ACO-LCM (1.0),0.6,12.914,868.4,198.0
C2K,ACO-LCM (1.0),0.6,12.894,871.0,198.0
C2K,ACO-LCM (1.0),0.6,12.889,851.4,197.0
C2K,ACO-LCM (1.0),0.6,12.835,842.7,196.0
C2K,ACO-LCM (1.0),0.6,13.178,859.7,199.0
C2K,ACO-LCM (1.0),0.6,12.817,862.7,194.0
C2K,ACO-LCM (1.0),0.6,12.828,854.7,198.0
C2K,ACO-LCM (1.0),0.6,12.61,870.6,196.0
C2K,ACO-LCM (1.0),0.6,12.979,853.7,194.0
C2K,ACO-LCM (1.0),0.6,12.689,872.2,194.0
C2K,ACO-LCM (1.0),0.6,12.726,844.1,197.0
C2K,ACO-LCM (1.0),0.6,12.931,849.2,196.0
C2K,ACO-LCM (1.0),0.6,12.872,849.0,197.0
C2K,ACO-LCM (1.0),0.6,13.595,860.7,198.0
C2K,ACO-LCM (1.0),0.6,12.847,875.4,198.0
C2K,ACO-LCM (1.0),0.6,12.925,880.5,198.0
C2K,ACO-LCM (1.0),0.6,12.936,866.9,196.0
C2K,ACO-LCM (1.0),0.6,13.175,857.4,197.0
C2K,ACO-LCM (1.0),0.6,12.853,855.6,196.0
C2K,ACO-LCM (1.0),0.6,12.991,859.3,195.0
C2K,ACO-LCM (1.0),0.6,12.703,854.9,195.0
C2K,ACO-LCM (1.0),0.6,13.019,858.0,198.0
C2K,ACO-LCM (1.0),0.6,13.218,856.7,197.0
C2K,ACO-LCM (1.0),0.6,13.306,856.6,197.0
C2K,ACO-LCM (1.0),0.6,13.281,872.9,197.0
C2K,ACO-LCM (1.0),0.6,12.686,842.8,198.0
C2K,ACO-LCM (1.0),0.6,12.648,850.1,196.0
C2K,ACO-LCM (1.0),0.6,12.582,861.1,196.0
C2K,ACO-LCM (1.0),0.6,12.671,855.7,196.0
C2K,ACO-LCM (1.0),0.6,12.918,872.8,197.0
C2K,ACO-LCM (1.0),0.6,13.15,869.7,198.0
C2K,GRAANK,0.6,9.5392,134.4,94.0
C2K,GRAANK,0.6,9.6805,134.4,94.0
C2K,GRAANK,0.6,9.5318,134.4,94.0
C2K,GRAANK,0.6,9.5755,134.4,94.0
C2K,GRAANK,0.6,9.6501,134.4,94.0
C2K,GRAANK,0.6,9.6334,134.4,94.0
C2K,GRAANK,0.6,9.5324,134.4,94.0
C2K,GRAANK,0.6,9.4727,134.3,94.0
C2K,GRAANK,0.6,9.6545,134.3,94.0
C2K,GRAANK,0.6,9.4914,134.4,94.0
C2K,GRAANK,0.6,9.5567,134.4,94.0
C2K,GRAANK,0.6,9.5423,134.4,94.0
C2K,GRAANK,0.6,9.6284,134.4,94.0
C2K,GRAANK,0.6,9.6024,134.4,94.0
C2K,GRAANK,0.6,9.4943,134.4,94.0
C2K,GRAANK,0.6,9.507,134.4,94.0
C2K,GRAANK,0.6,9.5064,134.4,94.0
C2K,GRAANK,0.6,9.6545,134.4,94.0
C2K,GRAANK,0.6,9.5141,134.4,94.0
C2K,GRAANK,0.6,9.6046,134.3,94.0
C2K,GRAANK,0.6,9.687,134.4,94.0
C2K,GRAANK,0.6,9.6102,134.4,94.0
C2K,GRAANK,0.6,9.5167,134.4,94.0
C2K,GRAANK,0.6,9.5895,134.4,94.0
C2K,GRAANK,0.6,9.5725,134.3,94.0
C2K,GRAANK,0.6,9.5283,134.4,94.0
C2K,GRAANK,0.6,9.7114,134.4,94.0
C2K,GRAANK,0.6,9.4962,134.4,94.0
C2K,GRAANK,0.6,9.5629,134.3,94.0
C2K,GRAANK,0.6,9.5011,134.4,94.0
C2K,GRAANK,0.6,9.6151,134.4,94.0
C2K,GRAANK,0.6,9.5757,134.4,94.0
C2K,GRAANK,0.6,9.5382,134.4,94.0
C2K,ACO-GRAANK (2.0),0.7,3.7798,248.0,1.0
C2K,ACO-GRAANK (2.0),0.7,10.228,248.9,3.0
C2K,ACO-GRAANK (2.0),0.7,0.27,205.7,2.0
C2K,ACO-GRAANK (2.0),0.7,0.1032,139.8,1.0
C2K,ACO-GRAANK (2.0),0.7,0.2051,188.8,1.0
C2K,ACO-GRAANK (2.0),0.7,28.915,254.4,3.0
C2K,ACO-GRAANK (2.0),0.7,0.3469,222.4,1.0
C2K,ACO-GRAANK (2.0),0.7,0.7621,227.9,3.0
C2K,ACO-GRAANK (2.0),0.7,0.1775,191.9,1.0
C2K,ACO-GRAANK (2.0),0.7,0.7882,241.2,1.0
C2K,ACO-GRAANK (2.0),0.7,6.297,247.6,2.0
C2K,ACO-GRAANK (2.0),0.7,0.3472,220.5,3.0
C2K,ACO-GRAANK (2.0),0.7,0.4584,229.5,2.0
C2K,ACO-GRAANK (2.0),0.7,0.4902,232.2,4.0
C2K,ACO-GRAANK (2.0),0.7,9.9532,248.3,1.0
C2K,ACO-GRAANK (2.0),0.7,1.0487,242.8,3.0
C2K,ACO-GRAANK (2.0),0.7,2.898,291.0,2.0
C2K,ACO-GRAANK (2.0),0.7,0.2859,204.9,3.0
C2K,ACO-GRAANK (2.0),0.7,0.2446,215.2,1.0
C2K,ACO-GRAANK (2.0),0.7,0.441,229.6,3.0
C2K,ACO-GRAANK (2.0),0.7,0.4826,224.2,2.0
C2K,ACO-GRAANK (2.0),0.7,6.401,248.3,1.0
C2K,ACO-GRAANK (2.0),0.7,0.8096,251.4,2.0
C2K,ACO-GRAANK (2.0),0.7,0.116,153.4,1.0
C2K,ACO-GRAANK (2.0),0.7,1.5677,234.0,2.0
C2K,ACO-GRAANK (2.0),0.7,0.5983,230.1,4.0
C2K,ACO-GRAANK (2.0),0.7,0.6148,231.2,2.0
C2K,ACO-GRAANK (2.0),0.7,0.126,154.0,1.0
C2K,ACO-GRAANK (2.0),0.7,0.1873,181.7,1.0
C2K,ACO-GRAANK (2.0),0.7,1.4272,225.9,4.0
C2K,ACO-GRAANK (2.0),0.7,8.7614,246.2,1.0
C2K,ACO-GRAANK (2.0),0.7,1.1605,222.6,1.0
C2K,ACO-GRAANK (2.0),0.7,1.0214,231.5,3.0
C2K,ACO-LCM (1.0),0.7,13.75,846.2,198.0
C2K,ACO-LCM (1.0),0.7,14.089,854.1,197.0
C2K,ACO-LCM (1.0),0.7,13.844,846.9,197.0
C2K,ACO-LCM (1.0),0.7,13.809,856.3,199.0
C2K,ACO-LCM (1.0),0.7,14.335,848.8,199.0
C2K,ACO-LCM (1.0),0.7,14.019,852.7,199.0
C2K,ACO-LCM (1.0),0.7,13.816,840.9,196.0
C2K,ACO-LCM (1.0),0.7,13.669,838.5,198.0
C2K,ACO-LCM (1.0),0.7,13.78,828.5,199.0
C2K,ACO-LCM (1.0),0.7,13.81,837.5,196.0
C2K,ACO-LCM (1.0),0.7,13.785,840.4,196.0
C2K,ACO-LCM (1.0),0.7,14.139,851.3,196.0
C2K,ACO-LCM (1.0),0.7,14.433,844.0,198.0
C2K,ACO-LCM (1.0),0.7,13.295,847.1,196.0
C2K,ACO-LCM (1.0),0.7,13.94,835.9,198.0
C2K,ACO-LCM (1.0),0.7,14.224,847.2,198.0
C2K,ACO-LCM (1.0),0.7,13.842,848.6,199.0
C2K,ACO-LCM (1.0),0.7,14.039,847.0,197.0
C2K,ACO-LCM (1.0),0.7,13.836,849.9,198.0
C2K,ACO-LCM (1.0),0.7,14.039,851.0,198.0
C2K,ACO-LCM (1.0),0.7,13.926,850.1,197.0
C2K,ACO-LCM (1.0),0.7,14.199,838.8,196.0
C2K,ACO-LCM (1.0),0.7,13.66,842.4,197.0
C2K,ACO-LCM (1.0),0.7,14.238,840.4,196.0
C2K,ACO-LCM (1.0),0.7,13.719,846.6,196.0
C2K,ACO-LCM (1.0),0.7,14.223,853.5,196.0
C2K,ACO-LCM (1.0),0.7,13.721,846.2,195.0
C2K,ACO-LCM (1.0),0.7,14.131,837.9,197.0
C2K,ACO-LCM (1.0),0.7,14.186,835.9,197.0
C2K,ACO-LCM (1.0),0.7,14.307,842.1,197.0
C2K,ACO-LCM (1.0),0.7,13.646,856.8,198.0
C2K,ACO-LCM (1.0),0.7,14.107,855.2,199.0
C2K,ACO-LCM (1.0),0.7,13.81,847.7,195.0
C2K,GRAANK,0.7,7.181,81.7,26.0
C2K,GRAANK,0.7,7.2138,81.7,26.0
C2K,GRAANK,0.7,7.2095,81.8,26.0
C2K,GRAANK,0.7,7.3012,81.8,26.0
C2K,GRAANK,0.7,7.1666,81.8,26.0
C2K,GRAANK,0.7,7.2051,81.8,26.0
C2K,GRAANK,0.7,7.3047,81.8,26.0
C2K,GRAANK,0.7,7.1944,81.7,26.0
C2K,GRAANK,0.7,7.2792,81.8,26.0
C2K,GRAANK,0.7,7.2442,81.8,26.0
C2K,GRAANK,0.7,7.2002,81.7,26.0
C2K,GRAANK,0.7,7.1877,81.8,26.0
C2K,GRAANK,0.7,7.2104,81.8,26.0
C2K,GRAANK,0.7,7.2494,81.8,26.0
C2K,GRAANK,0.7,7.182,81.8,26.0
C2K,GRAANK,0.7,7.235,81.8,26.0
C2K,GRAANK,0.7,7.2096,81.8,26.0
C2K,GRAANK,0.7,7.1863,81.6,26.0
C2K,GRAANK,0.7,7.1423,81.8,26.0
C2K,GRAANK,0.7,7.1299,81.8,26.0
C2K,GRAANK,0.7,7.2015,81.8,26.0
C2K,GRAANK,0.7,7.2768,81.7,26.0
C2K,GRAANK,0.7,7.1336,81.8,26.0
C2K,GRAANK,0.7,7.2852,81.8,26.0
C2K,GRAANK,0.7,7.221,81.7,26.0
C2K,GRAANK,0.7,7.2038,81.8,26.0
C2K,GRAANK,0.7,7.2518,81.8,26.0
C2K,GRAANK,0.7,7.2871,81.7,26.0
C2K,GRAANK,0.7,7.2284,81.8,26.0
C2K,GRAANK,0.7,7.1166,81.8,26.0
C2K,GRAANK,0.7,7.2055,81.8,26.0
C2K,GRAANK,0.7,7.2059,81.8,26.0
C2K,GRAANK,0.7,7.1776,81.8,26.0
C2K,ACO-GRAANK (2.0),0.8,0.1783,192.6,1.0
C2K,ACO-GRAANK (2.0),0.8,9.0795,245.4,2.0
C2K,ACO-GRAANK (2.0),0.8,0.5702,221.7,1.0
C2K,ACO-GRAANK (2.0),0.8,1.1236,225.5,1.0
C2K,ACO-GRAANK (2.0),0.8,0.2784,213.5,1.0
C2K,ACO-GRAANK (2.0),0.8,0.2609,211.3,1.0
C2K,ACO-GRAANK (2.0),0.8,4.936,240.3,2.0
C2K,ACO-GRAANK (2.0),0.8,0.4356,233.7,3.0
C2K,ACO-GRAANK (2.0),0.8,0.8022,230.8,1.0
C2K,ACO-GRAANK (2.0),0.8,1.1595,259.0,2.0
C2K,ACO-GRAANK (2.0),0.8,4.8573,246.7,1.0
C2K,ACO-GRAANK (2.0),0.8,0.5834,230.1,1.0
C2K,ACO-GRAANK (2.0),0.8,8.2036,244.9,2.0
C2K,ACO-GRAANK (2.0),0.8,0.66,230.8,1.0
C2K,ACO-GRAANK (2.0),0.8,1.1892,255.6,1.0
C2K,ACO-GRAANK (2.0),0.8,1.3432,240.1,2.0
C2K,ACO-GRAANK (2.0),0.8,0.3135,227.5,2.0
C2K,ACO-GRAANK (2.0),0.8,0.2113,204.0,2.0
C2K,ACO-GRAANK (2.0),0.8,19.809,257.8,2.0
C2K,ACO-GRAANK (2.0),0.8,4.4051,284.1,2.0
C2K,ACO-GRAANK (2.0),0.8,15.508,248.3,2.0
C2K,ACO-GRAANK (2.0),0.8,7.3967,246.7,2.0
C2K,ACO-GRAANK (2.0),0.8,5.6726,246.1,1.0
C2K,ACO-GRAANK (2.0),0.8,0.4176,223.0,2.0
C2K,ACO-GRAANK (2.0),0.8,11.057,252.8,1.0
C2K,ACO-GRAANK (2.0),0.8,15.455,248.6,2.0
C2K,ACO-GRAANK (2.0),0.8,7.5294,343.3,2.0
C2K,ACO-GRAANK (2.0),0.8,16.098,250.8,2.0
C2K,ACO-GRAANK (2.0),0.8,0.8392,230.2,2.0
C2K,ACO-GRAANK (2.0),0.8,0.3267,226.9,1.0
C2K,ACO-GRAANK (2.0),0.8,8.7659,245.4,1.0
C2K,ACO-GRAANK (2.0),0.8,1.0537,231.1,2.0
C2K,ACO-GRAANK (2.0),0.8,9.5929,258.1,1.0
C2K,ACO-LCM (1.0),0.8,16.619,703.6,195.0
C2K,ACO-LCM (1.0),0.8,17.25,706.0,199.0
C2K,ACO-LCM (1.0),0.8,16.601,709.0,197.0
C2K,ACO-LCM (1.0),0.8,16.523,703.7,198.0
C2K,ACO-LCM (1.0),0.8,17.339,710.2,197.0
C2K,ACO-LCM (1.0),0.8,16.711,693.8,199.0
C2K,ACO-LCM (1.0),0.8,16.305,700.8,199.0
C2K,ACO-LCM (1.0),0.8,17.95,725.7,199.0
C2K,ACO-LCM (1.0),0.8,17.23,719.7,197.0
C2K,ACO-LCM (1.0),0.8,16.354,714.8,198.0
C2K,ACO-LCM (1.0),0.8,17.093,705.4,199.0
C2K,ACO-LCM (1.0),0.8,16.709,717.8,197.0
C2K,ACO-LCM (1.0),0.8,16.1,692.8,197.0
C2K,ACO-LCM (1.0),0.8,16.83,736.1,198.0
C2K,ACO-LCM (1.0),0.8,16.753,692.8,198.0
C2K,ACO-LCM (1.0),0.8,16.855,697.9,197.0
C2K,ACO-LCM (1.0),0.8,16.677,684.9,196.0
C2K,ACO-LCM (1.0),0.8,17.55,704.7,199.0
C2K,ACO-LCM (1.0),0.8,17.679,735.6,198.0
C2K,ACO-LCM (1.0),0.8,17.552,686.4,197.0
C2K,ACO-LCM (1.0),0.8,17.104,699.2,195.0
C2K,ACO-LCM (1.0),0.8,16.531,724.7,197.0
C2K,ACO-LCM (1.0),0.8,17.212,698.5,197.0
C2K,ACO-LCM (1.0),0.8,16.903,745.8,199.0
C2K,ACO-LCM (1.0),0.8,16.361,692.9,197.0
C2K,ACO-LCM (1.0),0.8,17.584,697.8,197.0
C2K,ACO-LCM (1.0),0.8,16.372,699.9,196.0
C2K,ACO-LCM (1.0),0.8,16.742,740.6,198.0
C2K,ACO-LCM (1.0),0.8,17.418,708.6,198.0
C2K,ACO-LCM (1.0),0.8,16.925,687.5,198.0
C2K,ACO-LCM (1.0),0.8,16.742,704.2,197.0
C2K,ACO-LCM (1.0),0.8,16.607,705.4,197.0
C2K,ACO-LCM (1.0),0.8,17.155,689.9,195.0
C2K,GRAANK,0.8,7.1596,68.7,12.0
C2K,GRAANK,0.8,7.2375,68.7,12.0
C2K,GRAANK,0.8,7.1771,68.7,12.0
C2K,GRAANK,0.8,7.1097,68.7,12.0
C2K,GRAANK,0.8,7.0746,68.7,12.0
C2K,GRAANK,0.8,7.1866,68.7,12.0
C2K,GRAANK,0.8,7.128,68.7,12.0
C2K,GRAANK,0.8,7.0982,68.7,12.0
C2K,GRAANK,0.8,7.2385,68.7,12.0
C2K,GRAANK,0.8,7.1574,68.7,12.0
C2K,GRAANK,0.8,7.2167,68.7,12.0
C2K,GRAANK,0.8,7.0953,68.7,12.0
C2K,GRAANK,0.8,7.2582,68.7,12.0
C2K,GRAANK,0.8,7.1684,68.7,12.0
C2K,GRAANK,0.8,7.1634,68.7,12.0
C2K,GRAANK,0.8,7.166,68.7,12.0
C2K,GRAANK,0.8,7.0235,68.7,12.0
C2K,GRAANK,0.8,7.1342,68.7,12.0
C2K,GRAANK,0.8,7.1144,68.7,12.0
C2K,GRAANK,0.8,7.2152,68.7,12.0
C2K,GRAANK,0.8,7.0662,68.7,12.0
C2K,GRAANK,0.8,7.1382,68.7,12.0
C2K,GRAANK,0.8,7.147,68.7,12.0
C2K,GRAANK,0.8,7.1624,68.7,12.0
C2K,GRAANK,0.8,7.0371,68.7,12.0
C2K,GRAANK,0.8,7.1469,68.7,12.0
C2K,GRAANK,0.8,7.0427,68.7,12.0
C2K,GRAANK,0.8,6.9594,68.7,12.0
C2K,GRAANK,0.8,7.1667,68.7,12.0
C2K,GRAANK,0.8,7.1656,68.7,12.0
C2K,GRAANK,0.8,7.195,68.7,12.0
C2K,GRAANK,0.8,7.0733,68.7,12.0
C2K,GRAANK,0.8,7.1477,68.7,12.0
C2K,ACO-GRAANK (2.0),0.9,8.0027,247.4,0.0
C2K,ACO-GRAANK (2.0),0.9,14.573,247.3,0.0
C2K,ACO-GRAANK (2.0),0.9,26.266,255.2,0.0
C2K,ACO-GRAANK (2.0),0.9,13.498,249.0,0.0
C2K,ACO-GRAANK (2.0),0.9,8.7269,250.8,0.0
C2K,ACO-GRAANK (2.0),0.9,45.095,251.1,0.0
C2K,ACO-GRAANK (2.0),0.9,7.3239,244.9,0.0
C2K,ACO-GRAANK (2.0),0.9,14.928,247.7,0.0
C2K,ACO-GRAANK (2.0),0.9,10.478,248.7,0.0
C2K,ACO-GRAANK (2.0),0.9,7.856,243.9,0.0
C2K,ACO-GRAANK (2.0),0.9,9.1054,248.4,0.0
C2K,ACO-GRAANK (2.0),0.9,8.0581,245.0,0.0
C2K,ACO-GRAANK (2.0),0.9,17.427,251.1,0.0
C2K,ACO-GRAANK (2.0),0.9,6.7601,243.6,0.0
C2K,ACO-GRAANK (2.0),0.9,13.506,254.2,0.0
C2K,ACO-GRAANK (2.0),0.9,9.8357,249.5,0.0
C2K,ACO-GRAANK (2.0),0.9,6.561,244.7,0.0
C2K,ACO-GRAANK (2.0),0.9,9.2911,245.0,0.0
C2K,ACO-GRAANK (2.0),0.9,29.308,248.9,0.0
C2K,ACO-GRAANK (2.0),0.9,5.0467,311.4,0.0
C2K,ACO-GRAANK (2.0),0.9,27.126,249.7,0.0
C2K,ACO-GRAANK (2.0),0.9,5.3571,244.7,0.0
C2K,ACO-GRAANK (2.0),0.9,9.7352,247.1,0.0
C2K,ACO-GRAANK (2.0),0.9,7.2585,244.7,0.0
C2K,ACO-GRAANK (2.0),0.9,16.306,251.1,0.0
C2K,ACO-GRAANK (2.0),0.9,11.713,247.4,0.0
C2K,ACO-GRAANK (2.0),0.9,4.4164,234.3,0.0
C2K,ACO-GRAANK (2.0),0.9,6.5651,247.7,0.0
C2K,ACO-GRAANK (2.0),0.9,7.9699,243.6,0.0
C2K,ACO-GRAANK (2.0),0.9,8.9929,249.5,0.0
C2K,ACO-GRAANK (2.0),0.9,15.826,248.9,0.0
C2K,ACO-GRAANK (2.0),0.9,16.742,251.0,0.0
C2K,ACO-GRAANK (2.0),0.9,4.1804,244.7,0.0
C2K,ACO-LCM (1.0),0.9,21.03,490.0,199.0
C2K,ACO-LCM (1.0),0.9,19.728,486.3,198.0
C2K,ACO-LCM (1.0),0.9,20.243,494.2,198.0
C2K,ACO-LCM (1.0),0.9,19.439,489.6,198.0
C2K,ACO-LCM (1.0),0.9,20.099,493.9,197.0
C2K,ACO-LCM (1.0),0.9,19.442,484.6,197.0
C2K,ACO-LCM (1.0),0.9,19.726,496.5,197.0
C2K,ACO-LCM (1.0),0.9,19.835,489.4,199.0
C2K,ACO-LCM (1.0),0.9,19.771,486.1,198.0
C2K,ACO-LCM (1.0),0.9,19.208,477.2,198.0
C2K,ACO-LCM (1.0),0.9,20.692,475.9,198.0
C2K,ACO-LCM (1.0),0.9,19.965,481.8,198.0
C2K,ACO-LCM (1.0),0.9,19.885,484.9,196.0
C2K,ACO-LCM (1.0),0.9,20.145,493.0,196.0
C2K,ACO-LCM (1.0),0.9,20.194,481.4,196.0
C2K,ACO-LCM (1.0),0.9,19.695,497.5,197.0
C2K,ACO-LCM (1.0),0.9,21.717,484.4,199.0
C2K,ACO-LCM (1.0),0.9,19.975,484.8,195.0
C2K,ACO-LCM (1.0),0.9,19.928,494.1,198.0
C2K,ACO-LCM (1.0),0.9,19.961,489.0,199.0
C2K,ACO-LCM (1.0),0.9,19.941,496.8,199.0
C2K,ACO-LCM (1.0),0.9,19.68,491.3,199.0
C2K,ACO-LCM (1.0),0.9,19.398,491.1,198.0
C2K,ACO-LCM (1.0),0.9,19.919,491.2,198.0
C2K,ACO-LCM (1.0),0.9,19.477,482.1,196.0
C2K,ACO-LCM (1.0),0.9,19.383,482.0,198.0
C2K,ACO-LCM (1.0),0.9,20.473,487.9,198.0
C2K,ACO-LCM (1.0),0.9,20.44,484.4,198.0
C2K,ACO-LCM (1.0),0.9,19.478,485.4,198.0
C2K,ACO-LCM (1.0),0.9,19.354,483.3,195.0
C2K,ACO-LCM (1.0),0.9,19.571,488.2,199.0
C2K,ACO-LCM (1.0),0.9,20.108,484.1,194.0
C2K,ACO-LCM (1.0),0.9,20.16,478.8,199.0
C2K,GRAANK,0.9,2.4176,44.3,0.0
C2K,GRAANK,0.9,2.4073,44.3,0.0
C2K,GRAANK,0.9,2.4095,44.3,0.0
C2K,GRAANK,0.9,2.4126,44.3,0.0
C2K,GRAANK,0.9,2.416,44.3,0.0
C2K,GRAANK,0.9,2.4089,44.3,0.0
C2K,GRAANK,0.9,2.3801,44.3,0.0
C2K,GRAANK,0.9,2.4002,44.3,0.0
C2K,GRAANK,0.9,2.3978,44.3,0.0
C2K,GRAANK,0.9,2.4083,44.3,0.0
C2K,GRAANK,0.9,2.4071,44.3,0.0
C2K,GRAANK,0.9,2.3972,44.3,0.0
C2K,GRAANK,0.9,2.4049,44.3,0.0
C2K,GRAANK,0.9,2.4072,44.3,0.0
C2K,GRAANK,0.9,2.4079,44.3,0.0
C2K,GRAANK,0.9,2.393,44.3,0.0
C2K,GRAANK,0.9,2.3994,44.3,0.0
C2K,GRAANK,0.9,2.3845,44.3,0.0
C2K,GRAANK,0.9,2.4127,44.3,0.0
C2K,GRAANK,0.9,2.3825,44.3,0.0
C2K,GRAANK,0.9,2.4006,44.3,0.0
C2K,GRAANK,0.9,2.3958,44.3,0.0
C2K,GRAANK,0.9,2.386,44.3,0.0
C2K,GRAANK,0.9,2.4005,44.3,0.0
C2K,GRAANK,0.9,2.4126,44.3,0.0
C2K,GRAANK,0.9,2.3936,44.3,0.0
C2K,GRAANK,0.9,2.3834,44.3,0.0
C2K,GRAANK,0.9,2.3975,44.3,0.0
C2K,GRAANK,0.9,2.4086,44.3,0.0
C2K,GRAANK,0.9,2.4108,44.3,0.0
C2K,GRAANK,0.9,2.4144,44.3,0.0
C2K,GRAANK,0.9,2.4113,44.3,0.0
C2K,GRAANK,0.9,2.3863,44.3,0.0
UCI,ACO-GRAANK (2.0),0.5,0.1104,124.7,3.0
UCI,ACO-GRAANK (2.0),0.5,0.0765,106.0,1.0
UCI,ACO-GRAANK (2.0),0.5,0.0846,111.1,2.0
UCI,ACO-GRAANK (2.0),0.5,0.0965,118.8,3.0
UCI,ACO-GRAANK (2.0),0.5,0.0989,126.5,0.0
UCI,ACO-GRAANK (2.0),0.5,0.1362,114.5,4.0
UCI,ACO-GRAANK (2.0),0.5,0.0797,101.7,2.0
UCI,ACO-GRAANK (2.0),0.5,0.1354,122.9,3.0
UCI,ACO-GRAANK (2.0),0.5,0.0837,101.6,1.0
UCI,ACO-GRAANK (2.0),0.5,0.1041,113.3,2.0
UCI,ACO-GRAANK (2.0),0.5,0.1327,118.7,3.0
UCI,ACO-GRAANK (2.0),0.5,0.099,116.8,2.0
UCI,ACO-GRAANK (2.0),0.5,0.0807,108.5,1.0
UCI,ACO-GRAANK (2.0),0.5,0.1359,113.5,2.0
UCI,ACO-GRAANK (2.0),0.5,0.1325,140.1,4.0
UCI,ACO-GRAANK (2.0),0.5,0.1514,121.9,3.0
UCI,ACO-GRAANK (2.0),0.5,0.1106,131.2,4.0
UCI,ACO-GRAANK (2.0),0.5,0.1317,113.4,3.0
UCI,ACO-GRAANK (2.0),0.5,0.1153,131.9,2.0
UCI,ACO-GRAANK (2.0),0.5,0.1058,119.6,3.0
UCI,ACO-GRAANK (2.0),0.5,0.0816,105.9,1.0
UCI,ACO-GRAANK (2.0),0.5,0.1205,137.7,3.0
UCI,ACO-GRAANK (2.0),0.5,0.0766,117.3,2.0
UCI,ACO-GRAANK (2.0),0.5,0.1338,138.9,2.0
UCI,ACO-GRAANK (2.0),0.5,0.1441,122.8,3.0
UCI,ACO-GRAANK (2.0),0.5,0.0882,122.4,2.0
UCI,ACO-GRAANK (2.0),0.5,0.1049,133.8,1.0
UCI,ACO-GRAANK (2.0),0.5,0.1858,163.8,3.0
UCI,ACO-GRAANK (2.0),0.5,0.0972,135.0,3.0
UCI,ACO-GRAANK (2.0),0.5,0.135,130.3,2.0
UCI,ACO-GRAANK (2.0),0.5,0.0861,121.7,2.0
UCI,ACO-GRAANK (2.0),0.5,0.1034,126.5,2.0
UCI,ACO-GRAANK (2.0),0.5,0.0773,109.4,1.0
UCI,ACO-LCM (1.0),0.5,21.459,1233.0,1.0
UCI,ACO-LCM (1.0),0.5,21.468,1233.0,1.0
UCI,ACO-LCM (1.0),0.5,20.459,1233.0,1.0
UCI,ACO-LCM (1.0),0.5,21.025,1233.0,1.0
UCI,ACO-LCM (1.0),0.5,20.986,1233.0,1.0
UCI,ACO-LCM (1.0),0.5,21.592,1235.0,2.0
UCI,ACO-LCM (1.0),0.5,21.161,1233.0,1.0
UCI,ACO-LCM (1.0),0.5,21.03,1233.0,1.0
UCI,ACO-LCM (1.0),0.5,21.545,1235.0,2.0
UCI,ACO-LCM (1.0),0.5,21.163,1233.0,1.0
UCI,ACO-LCM (1.0),0.5,19.077,1233.0,1.0
UCI,ACO-LCM (1.0),0.5,22.419,1237.0,3.0
UCI,ACO-LCM (1.0),0.5,21.856,1235.0,2.0
UCI,ACO-LCM (1.0),0.5,22.715,1235.0,2.0
UCI,ACO-LCM (1.0),0.5,20.601,1233.0,1.0
UCI,ACO-LCM (1.0),0.5,20.978,1233.0,1.0
UCI,ACO-LCM (1.0),0.5,20.866,1235.0,2.0
UCI,ACO-LCM (1.0),0.5,22.015,1236.0,3.0
UCI,ACO-LCM (1.0),0.5,21.097,1233.0,1.0
UCI,ACO-LCM (1.0),0.5,22.146,1235.0,2.0
UCI,ACO-LCM (1.0),0.5,21.384,1233.0,1.0
UCI,ACO-LCM (1.0),0.5,21.214,1233.0,1.0
UCI,ACO-LCM (1.0),0.5,23.245,1235.0,2.0
UCI,ACO-LCM (1.0),0.5,22.276,1235.0,2.0
UCI,ACO-LCM (1.0),0.5,21.294,1233.0,1.0
UCI,ACO-LCM (1.0),0.5,21.588,1233.0,1.0
UCI,ACO-LCM (1.0),0.5,21.632,1233.0,1.0
UCI,ACO-LCM (1.0),0.5,22.012,1235.0,2.0
UCI,ACO-LCM (1.0),0.5,19.62,1233.0,1.0
UCI,ACO-LCM (1.0),0.5,21.414,1233.0,1.0
UCI,ACO-LCM (1.0),0.5,22.524,1237.0,3.0
UCI,ACO-LCM (1.0),0.5,20.97,1233.0,1.0
UCI,ACO-LCM (1.0),0.5,21.85,1235.0,2.0
UCI,GRAANK,0.5,0.3837,73.6,7.0
UCI,GRAANK,0.5,0.3772,73.5,7.0
UCI,GRAANK,0.5,0.3835,73.6,7.0
UCI,GRAANK,0.5,0.3836,73.5,7.0
UCI,GRAANK,0.5,0.3805,73.5,7.0
UCI,GRAANK,0.5,0.3841,73.6,7.0
UCI,GRAANK,0.5,0.3788,73.5,7.0
UCI,GRAANK,0.5,0.3795,73.6,7.0
UCI,GRAANK,0.5,0.3818,73.5,7.0
UCI,GRAANK,0.5,0.3873,73.6,7.0
UCI,GRAANK,0.5,0.4343,73.5,7.0
UCI,GRAANK,0.5,0.387,73.6,7.0
UCI,GRAANK,0.5,0.3864,73.5,7.0
UCI,GRAANK,0.5,0.4345,73.5,7.0
UCI,GRAANK,0.5,0.3833,73.6,7.0
UCI,GRAANK,0.5,0.3873,73.5,7.0
UCI,GRAANK,0.5,0.3866,73.6,7.0
UCI,GRAANK,0.5,0.3779,73.6,7.0
UCI,GRAANK,0.5,0.3828,73.6,7.0
UCI,GRAANK,0.5,0.3808,73.5,7.0
UCI,GRAANK,0.5,0.3819,73.5,7.0
UCI,GRAANK,0.5,0.3949,73.6,7.0
UCI,GRAANK,0.5,0.384,73.6,7.0
UCI,GRAANK,0.5,0.3798,73.5,7.0
UCI,GRAANK,0.5,0.3942,73.6,7.0
UCI,GRAANK,0.5,0.3874,73.6,7.0
UCI,GRAANK,0.5,0.379,73.4,7.0
UCI,GRAANK,0.5,0.3851,73.6,7.0
UCI,GRAANK,0.5,0.3823,73.6,7.0
UCI,GRAANK,0.5,0.3847,73.5,7.0
UCI,GRAANK,0.5,0.4338,73.6,7.0
UCI,GRAANK,0.5,0.3793,73.5,7.0
UCI,GRAANK,0.5,0.3791,73.6,7.0
UCI,LCM-GRAD (1.0),0.5,263.66,29988.0,9.0
UCI,LCM-GRAD (1.0),0.5,276.76,29988.0,9.0
UCI,LCM-GRAD (1.0),0.5,268.75,29988.0,9.0
UCI,LCM-GRAD (1.0),0.5,258.3,29988.0,9.0
UCI,LCM-GRAD (1.0),0.5,263.17,29988.0,9.0
UCI,LCM-GRAD (1.0),0.5,265.58,29988.0,9.0
UCI,LCM-GRAD (1.0),0.5,275.16,29988.0,9.0
UCI,LCM-GRAD (1.0),0.5,278.66,29988.0,9.0
UCI,LCM-GRAD (1.0),0.5,281.22,29988.0,9.0
UCI,LCM-GRAD (1.0),0.5,274.1,29988.0,9.0
UCI,LCM-GRAD (1.0),0.5,266.45,29988.0,9.0
UCI,LCM-GRAD (1.0),0.5,265.79,29988.0,9.0
UCI,LCM-GRAD (1.0),0.5,276.99,29988.0,9.0
UCI,LCM-GRAD (1.0),0.5,286.29,29988.0,9.0
UCI,LCM-GRAD (1.0),0.5,261.55,29988.0,9.0
UCI,LCM-GRAD (1.0),0.5,274.68,29988.0,9.0
UCI,LCM-GRAD (1.0),0.5,270.72,29988.0,9.0
UCI,LCM-GRAD (1.0),0.5,265.8,29988.0,9.0
UCI,LCM-GRAD (1.0),0.5,276.14,29988.0,9.0
UCI,LCM-GRAD (1.0),0.5,268.73,29988.0,9.0
UCI,LCM-GRAD (1.0),0.5,267.1,29988.0,9.0
UCI,LCM-GRAD (1.0),0.5,270.8,29988.0,9.0
UCI,LCM-GRAD (1.0),0.5,261.27,29988.0,9.0
UCI,LCM-GRAD (1.0),0.5,263.64,29988.0,9.0
UCI,LCM-GRAD (1.0),0.5,263.73,29988.0,9.0
UCI,LCM-GRAD (1.0),0.5,267.5,29988.0,9.0
UCI,LCM-GRAD (1.0),0.5,267.89,29988.0,9.0
UCI,LCM-GRAD (1.0),0.5,276.74,29988.0,9.0
UCI,LCM-GRAD (1.0),0.5,263.12,29988.0,9.0
UCI,LCM-GRAD (1.0),0.5,269.88,29988.0,9.0
UCI,LCM-GRAD (1.0),0.5,268.84,29988.0,9.0
UCI,LCM-GRAD (1.0),0.5,273.64,29988.0,9.0
UCI,LCM-GRAD (1.0),0.5,267.09,29988.0,9.0
UCI,ACO-GRAANK (2.0),0.6,0.2004,200.1,2.0
UCI,ACO-GRAANK (2.0),0.6,0.0839,135.3,2.0
UCI,ACO-GRAANK (2.0),0.6,0.0772,113.9,0.0
UCI,ACO-GRAANK (2.0),0.6,0.1404,126.5,3.0
UCI,ACO-GRAANK (2.0),0.6,0.0882,124.0,1.0
UCI,ACO-GRAANK (2.0),0.6,0.0939,142.9,0.0
UCI,ACO-GRAANK (2.0),0.6,0.1314,126.1,1.0
UCI,ACO-GRAANK (2.0),0.6,0.1157,117.4,3.0
UCI,ACO-GRAANK (2.0),0.6,0.0693,104.9,2.0
UCI,ACO-GRAANK (2.0),0.6,0.0827,119.6,1.0
UCI,ACO-GRAANK (2.0),0.6,0.0667,104.8,1.0
UCI,ACO-GRAANK (2.0),0.6,0.1498,149.9,2.0
UCI,ACO-GRAANK (2.0),0.6,0.1558,150.2,2.0
UCI,ACO-GRAANK (2.0),0.6,0.1817,173.1,2.0
UCI,ACO-GRAANK (2.0),0.6,0.118,139.0,2.0
UCI,ACO-GRAANK (2.0),0.6,0.1252,126.1,2.0
UCI,ACO-GRAANK (2.0),0.6,0.164,176.3,1.0
UCI,ACO-GRAANK (2.0),0.6,0.0748,112.1,1.0
UCI,ACO-GRAANK (2.0),0.6,0.0879,139.1,1.0
UCI,ACO-GRAANK (2.0),0.6,0.1165,116.3,1.0
UCI,ACO-GRAANK (2.0),0.6,0.1611,142.2,2.0
UCI,ACO-GRAANK (2.0),0.6,0.1127,120.3,2.0
UCI,ACO-GRAANK (2.0),0.6,0.1116,112.0,1.0
UCI,ACO-GRAANK (2.0),0.6,0.0605,101.4,1.0
UCI,ACO-GRAANK (2.0),0.6,0.0909,131.4,2.0
UCI,ACO-GRAANK (2.0),0.6,0.1181,132.2,2.0
UCI,ACO-GRAANK (2.0),0.6,0.062,99.9,1.0
UCI,ACO-GRAANK (2.0),0.6,0.1537,146.7,3.0
UCI,ACO-GRAANK (2.0),0.6,0.1434,128.2,2.0
UCI,ACO-GRAANK (2.0),0.6,0.1679,148.5,2.0
UCI,ACO-GRAANK (2.0),0.6,0.0758,118.3,2.0
UCI,ACO-GRAANK (2.0),0.6,0.0704,106.5,1.0
UCI,ACO-GRAANK (2.0),0.6,0.0668,104.7,1.0
UCI,ACO-LCM (1.0),0.6,20.639,1233.0,1.0
UCI,ACO-LCM (1.0),0.6,22.497,1235.0,2.0
UCI,ACO-LCM (1.0),0.6,21.663,1233.0,1.0
UCI,ACO-LCM (1.0),0.6,21.336,1233.0,1.0
UCI,ACO-LCM (1.0),0.6,21.783,1233.0,1.0
UCI,ACO-LCM (1.0),0.6,20.925,1233.0,1.0
UCI,ACO-LCM (1.0),0.6,20.767,1233.0,1.0
UCI,ACO-LCM (1.0),0.6,20.959,1233.0,1.0
UCI,ACO-LCM (1.0),0.6,21.2,1233.0,1.0
UCI,ACO-LCM (1.0),0.6,22.637,1235.0,2.0
UCI,ACO-LCM (1.0),0.6,20.947,1233.0,1.0
UCI,ACO-LCM (1.0),0.6,21.658,1233.0,1.0
UCI,ACO-LCM (1.0),0.6,22.967,1235.0,2.0
UCI,ACO-LCM (1.0),0.6,22.357,1237.0,3.0
UCI,ACO-LCM (1.0),0.6,21.698,1235.0,2.0
UCI,ACO-LCM (1.0),0.6,21.54,1233.0,1.0
UCI,ACO-LCM (1.0),0.6,22.596,1236.0,3.0
UCI,ACO-LCM (1.0),0.6,21.864,1235.0,2.0
UCI,ACO-LCM (1.0),0.6,22.714,1235.0,2.0
UCI,ACO-LCM (1.0),0.6,22.2,1237.0,3.0
UCI,ACO-LCM (1.0),0.6,21.955,1235.0,2.0
UCI,ACO-LCM (1.0),0.6,22.337,1237.0,3.0
UCI,ACO-LCM (1.0),0.6,21.691,1233.0,1.0
UCI,ACO-LCM (1.0),0.6,22.212,1235.0,2.0
UCI,ACO-LCM (1.0),0.6,20.98,1233.0,1.0
UCI,ACO-LCM (1.0),0.6,21.666,1233.0,1.0
UCI,ACO-LCM (1.0),0.6,21.642,1235.0,2.0
UCI,ACO-LCM (1.0),0.6,21.816,1235.0,2.0
UCI,ACO-LCM (1.0),0.6,22.086,1235.0,2.0
UCI,ACO-LCM (1.0),0.6,22.678,1237.0,3.0
UCI,ACO-LCM (1.0),0.6,20.636,1233.0,1.0
UCI,ACO-LCM (1.0),0.6,21.902,1235.0,2.0
UCI,ACO-LCM (1.0),0.6,20.965,1233.0,1.0
UCI,GRAANK,0.6,0.1854,67.3,3.0
UCI,GRAANK,0.6,0.1869,67.3,3.0
UCI,GRAANK,0.6,0.193,67.3,3.0
UCI,GRAANK,0.6,0.1901,67.3,3.0
UCI,GRAANK,0.6,0.185,67.3,3.0
UCI,GRAANK,0.6,0.1866,67.3,3.0
UCI,GRAANK,0.6,0.1855,67.3,3.0
UCI,GRAANK,0.6,0.1873,67.3,3.0
UCI,GRAANK,0.6,0.1933,67.3,3.0
UCI,GRAANK,0.6,0.1868,67.3,3.0
UCI,GRAANK,0.6,0.215,67.3,3.0
UCI,GRAANK,0.6,0.1888,67.3,3.0
UCI,GRAANK,0.6,0.1895,67.3,3.0
UCI,GRAANK,0.6,0.2106,67.3,3.0
UCI,GRAANK,0.6,0.1881,67.3,3.0
UCI,GRAANK,0.6,0.1923,67.3,3.0
UCI,GRAANK,0.6,0.1949,67.3,3.0
UCI,GRAANK,0.6,0.1877,67.3,3.0
UCI,GRAANK,0.6,0.1914,67.3,3.0
UCI,GRAANK,0.6,0.2134,67.3,3.0
UCI,GRAANK,0.6,0.1883,67.3,3.0
UCI,GRAANK,0.6,0.1859,67.3,3.0
UCI,GRAANK,0.6,0.1869,67.3,3.0
UCI,GRAANK,0.6,0.1869,67.3,3.0
UCI,GRAANK,0.6,0.2153,67.3,3.0
UCI,GRAANK,0.6,0.1879,67.3,3.0
UCI,GRAANK,0.6,0.1932,67.3,3.0
UCI,GRAANK,0.6,0.1863,67.3,3.0
UCI,GRAANK,0.6,0.1859,67.3,3.0
UCI,GRAANK,0.6,0.1875,67.3,3.0
UCI,GRAANK,0.6,0.1876,67.3,3.0
UCI,GRAANK,0.6,0.1874,67.3,3.0
UCI,GRAANK,0.6,0.1895,67.2,3.0
UCI,LCM-GRAD (1.0),0.6,268.68,29988.0,9.0
UCI,LCM-GRAD (1.0),0.6,263.65,29988.0,9.0
UCI,LCM-GRAD (1.0),0.6,264.17,29988.0,9.0
UCI,LCM-GRAD (1.0),0.6,271.89,29988.0,9.0
UCI,LCM-GRAD (1.0),0.6,265.76,29988.0,9.0
UCI,LCM-GRAD (1.0),0.6,269.49,29988.0,9.0
UCI,LCM-GRAD (1.0),0.6,269.26,29988.0,9.0
UCI,LCM-GRAD (1.0),0.6,276.25,29988.0,9.0
UCI,LCM-GRAD (1.0),0.6,264.52,29988.0,9.0
UCI,LCM-GRAD (1.0),0.6,265.97,29988.0,9.0
UCI,LCM-GRAD (1.0),0.6,258.93,29988.0,9.0
UCI,LCM-GRAD (1.0),0.6,269.38,29988.0,9.0
UCI,LCM-GRAD (1.0),0.6,267.36,29988.0,9.0
UCI,LCM-GRAD (1.0),0.6,266.01,29988.0,9.0
UCI,LCM-GRAD (1.0),0.6,266.49,29988.0,9.0
UCI,LCM-GRAD (1.0),0.6,264.81,29988.0,9.0
UCI,LCM-GRAD (1.0),0.6,260.48,29988.0,9.0
UCI,LCM-GRAD (1.0),0.6,267.97,29988.0,9.0
UCI,LCM-GRAD (1.0),0.6,276.11,29988.0,9.0
UCI,LCM-GRAD (1.0),0.6,279.25,29988.0,9.0
UCI,LCM-GRAD (1.0),0.6,263.52,29988.0,9.0
UCI,LCM-GRAD (1.0),0.6,267.03,29988.0,9.0
UCI,LCM-GRAD (1.0),0.6,265.33,29988.0,9.0
UCI,LCM-GRAD (1.0),0.6,263.42,29988.0,9.0
UCI,LCM-GRAD (1.0),0.6,268.75,29988.0,9.0
UCI,LCM-GRAD (1.0),0.6,272.57,29988.0,9.0
UCI,LCM-GRAD (1.0),0.6,271.72,29988.0,9.0
UCI,LCM-GRAD (1.0),0.6,282.45,29988.0,9.0
UCI,LCM-GRAD (1.0),0.6,271.31,29988.0,9.0
UCI,LCM-GRAD (1.0),0.6,261.55,29988.0,9.0
UCI,LCM-GRAD (1.0),0.6,269.02,29988.0,9.0
UCI,LCM-GRAD (1.0),0.6,269.75,29988.0,9.0
UCI,LCM-GRAD (1.0),0.6,267.26,29988.0,9.0
UCI,ACO-GRAANK (2.0),0.7,0.0833,116.2,1.0
UCI,ACO-GRAANK (2.0),0.7,0.0546,94.9,0.0
UCI,ACO-GRAANK (2.0),0.7,0.1009,134.5,1.0
UCI,ACO-GRAANK (2.0),0.7,0.1685,157.5,2.0
UCI,ACO-GRAANK (2.0),0.7,0.167,158.8,3.0
UCI,ACO-GRAANK (2.0),0.7,0.0717,101.7,2.0
UCI,ACO-GRAANK (2.0),0.7,0.0922,119.1,2.0
UCI,ACO-GRAANK (2.0),0.7,0.0699,104.4,2.0
UCI,ACO-GRAANK (2.0),0.7,0.134,134.6,2.0
UCI,ACO-GRAANK (2.0),0.7,0.1404,122.4,2.0
UCI,ACO-GRAANK (2.0),0.7,0.0787,116.3,2.0
UCI,ACO-GRAANK (2.0),0.7,0.0593,93.2,1.0
UCI,ACO-GRAANK (2.0),0.7,0.0581,97.5,1.0
UCI,ACO-GRAANK (2.0),0.7,0.0808,120.7,1.0
UCI,ACO-GRAANK (2.0),0.7,0.0852,117.5,2.0
UCI,ACO-GRAANK (2.0),0.7,0.0762,113.8,1.0
UCI,ACO-GRAANK (2.0),0.7,0.0832,125.0,2.0
UCI,ACO-GRAANK (2.0),0.7,0.074,104.8,2.0
UCI,ACO-GRAANK (2.0),0.7,0.1492,155.1,1.0
UCI,ACO-GRAANK (2.0),0.7,0.1078,136.0,3.0
UCI,ACO-GRAANK (2.0),0.7,0.0972,134.6,1.0
UCI,ACO-GRAANK (2.0),0.7,0.1056,118.8,2.0
UCI,ACO-GRAANK (2.0),0.7,0.1456,151.6,2.0
UCI,ACO-GRAANK (2.0),0.7,0.057,92.5,1.0
UCI,ACO-GRAANK (2.0),0.7,0.1528,150.0,1.0
UCI,ACO-GRAANK (2.0),0.7,0.0734,106.5,2.0
UCI,ACO-GRAANK (2.0),0.7,0.0757,134.9,2.0
UCI,ACO-GRAANK (2.0),0.7,0.0698,102.5,1.0
UCI,ACO-GRAANK (2.0),0.7,0.1286,130.5,1.0
UCI,ACO-GRAANK (2.0),0.7,0.0583,93.3,1.0
UCI,ACO-GRAANK (2.0),0.7,0.1014,133.9,3.0
UCI,ACO-GRAANK (2.0),0.7,0.137,123.7,3.0
UCI,ACO-GRAANK (2.0),0.7,0.149,133.0,2.0
UCI,ACO-LCM (1.0),0.7,21.651,1235.0,2.0
UCI,ACO-LCM (1.0),0.7,22.374,1235.0,2.0
UCI,ACO-LCM (1.0),0.7,21.791,1235.0,2.0
UCI,ACO-LCM (1.0),0.7,21.682,1235.0,2.0
UCI,ACO-LCM (1.0),0.7,22.721,1235.0,2.0
UCI,ACO-LCM (1.0),0.7,21.079,1233.0,1.0
UCI,ACO-LCM (1.0),0.7,23.178,1238.0,4.0
UCI,ACO-LCM (1.0),0.7,21.424,1233.0,1.0
UCI,ACO-LCM (1.0),0.7,21.51,1233.0,1.0
UCI,ACO-LCM (1.0),0.7,22.697,1235.0,2.0
UCI,ACO-LCM (1.0),0.7,22.615,1235.0,2.0
UCI,ACO-LCM (1.0),0.7,22.09,1235.0,2.0
UCI,ACO-LCM (1.0),0.7,19.948,1233.0,1.0
UCI,ACO-LCM (1.0),0.7,20.381,1233.0,1.0
UCI,ACO-LCM (1.0),0.7,22.946,1235.0,2.0
UCI,ACO-LCM (1.0),0.7,21.462,1233.0,1.0
UCI,ACO-LCM (1.0),0.7,21.438,1233.0,1.0
UCI,ACO-LCM (1.0),0.7,22.989,1235.0,2.0
UCI,ACO-LCM (1.0),0.7,19.211,1233.0,1.0
UCI,ACO-LCM (1.0),0.7,20.667,1233.0,1.0
UCI,ACO-LCM (1.0),0.7,20.956,1233.0,1.0
UCI,ACO-LCM (1.0),0.7,21.005,1233.0,1.0
UCI,ACO-LCM (1.0),0.7,22.27,1235.0,2.0
UCI,ACO-LCM (1.0),0.7,20.809,1233.0,1.0
UCI,ACO-LCM (1.0),0.7,21.069,1233.0,1.0
UCI,ACO-LCM (1.0),0.7,24.234,1237.0,3.0
UCI,ACO-LCM (1.0),0.7,20.974,1233.0,1.0
UCI,ACO-LCM (1.0),0.7,21.044,1235.0,2.0
UCI,ACO-LCM (1.0),0.7,21.182,1233.0,1.0
UCI,ACO-LCM (1.0),0.7,21.793,1233.0,1.0
UCI,ACO-LCM (1.0),0.7,21.49,1233.0,1.0
UCI,ACO-LCM (1.0),0.7,21.102,1233.0,1.0
UCI,ACO-LCM (1.0),0.7,22.412,1235.0,2.0
UCI,GRAANK,0.7,0.1879,67.3,3.0
UCI,GRAANK,0.7,0.1859,67.3,3.0
UCI,GRAANK,0.7,0.1875,67.3,3.0
UCI,GRAANK,0.7,0.1882,67.3,3.0
UCI,GRAANK,0.7,0.1889,67.3,3.0
UCI,GRAANK,0.7,0.1853,67.3,3.0
UCI,GRAANK,0.7,0.2151,67.3,3.0
UCI,GRAANK,0.7,0.196,67.3,3.0
UCI,GRAANK,0.7,0.1866,67.3,3.0
UCI,GRAANK,0.7,0.1921,67.3,3.0
UCI,GRAANK,0.7,0.189,67.3,3.0
UCI,GRAANK,0.7,0.1884,67.3,3.0
UCI,GRAANK,0.7,0.1871,67.3,3.0
UCI,GRAANK,0.7,0.1878,67.3,3.0
UCI,GRAANK,0.7,0.1868,67.3,3.0
UCI,GRAANK,0.7,0.1873,67.3,3.0
UCI,GRAANK,0.7,0.1897,67.3,3.0
UCI,GRAANK,0.7,0.1895,67.3,3.0
UCI,GRAANK,0.7,0.1892,67.3,3.0
UCI,GRAANK,0.7,0.1876,67.3,3.0
UCI,GRAANK,0.7,0.2141,67.2,3.0
UCI,GRAANK,0.7,0.188,67.2,3.0
UCI,GRAANK,0.7,0.1876,67.3,3.0
UCI,GRAANK,0.7,0.1941,67.3,3.0
UCI,GRAANK,0.7,0.2099,67.3,3.0
UCI,GRAANK,0.7,0.1871,67.3,3.0
UCI,GRAANK,0.7,0.1856,67.3,3.0
UCI,GRAANK,0.7,0.1876,67.3,3.0
UCI,GRAANK,0.7,0.1872,67.3,3.0
UCI,GRAANK,0.7,0.1954,67.3,3.0
UCI,GRAANK,0.7,0.1934,67.3,3.0
UCI,GRAANK,0.7,0.1885,67.3,3.0
UCI,GRAANK,0.7,0.1948,67.3,3.0
UCI,LCM-GRAD (1.0),0.7,264.89,29987.0,9.0
UCI,LCM-GRAD (1.0),0.7,267.69,29987.0,9.0
UCI,LCM-GRAD (1.0),0.7,265.63,29987.0,9.0
UCI,LCM-GRAD (1.0),0.7,277.07,29987.0,9.0
UCI,LCM-GRAD (1.0),0.7,260.94,29987.0,9.0
UCI,LCM-GRAD (1.0),0.7,273.98,29987.0,9.0
UCI,LCM-GRAD (1.0),0.7,261.84,29987.0,9.0
UCI,LCM-GRAD (1.0),0.7,266.22,29987.0,9.0
UCI,LCM-GRAD (1.0),0.7,275.18,29987.0,9.0
UCI,LCM-GRAD (1.0),0.7,264.9,29987.0,9.0
UCI,LCM-GRAD (1.0),0.7,275.86,29987.0,9.0
UCI,LCM-GRAD (1.0),0.7,265.56,29987.0,9.0
UCI,LCM-GRAD (1.0),0.7,275.14,29987.0,9.0
UCI,LCM-GRAD (1.0),0.7,258.93,29987.0,9.0
UCI,LCM-GRAD (1.0),0.7,265.02,29987.0,9.0
UCI,LCM-GRAD (1.0),0.7,266.91,29987.0,9.0
UCI,LCM-GRAD (1.0),0.7,265.01,29987.0,9.0
UCI,LCM-GRAD (1.0),0.7,266.29,29987.0,9.0
UCI,LCM-GRAD (1.0),0.7,270.01,29987.0,9.0
UCI,LCM-GRAD (1.0),0.7,265.51,29987.0,9.0
UCI,LCM-GRAD (1.0),0.7,263.49,29987.0,9.0
UCI,LCM-GRAD (1.0),0.7,263.51,29987.0,9.0
UCI,LCM-GRAD (1.0),0.7,267.73,29987.0,9.0
UCI,LCM-GRAD (1.0),0.7,268.65,29987.0,9.0
UCI,LCM-GRAD (1.0),0.7,274.39,29987.0,9.0
UCI,LCM-GRAD (1.0),0.7,273.05,29987.0,9.0
UCI,LCM-GRAD (1.0),0.7,273.06,29987.0,9.0
UCI,LCM-GRAD (1.0),0.7,275.59,29987.0,9.0
UCI,LCM-GRAD (1.0),0.7,261.61,29987.0,9.0
UCI,LCM-GRAD (1.0),0.7,269.18,29987.0,9.0
UCI,LCM-GRAD (1.0),0.7,260.41,29987.0,9.0
UCI,LCM-GRAD (1.0),0.7,263.76,29987.0,9.0
UCI,LCM-GRAD (1.0),0.7,267.16,29987.0,9.0
UCI,ACO-GRAANK (2.0),0.8,0.1444,130.7,1.0
UCI,ACO-GRAANK (2.0),0.8,0.1409,129.1,1.0
UCI,ACO-GRAANK (2.0),0.8,0.0668,106.5,1.0
UCI,ACO-GRAANK (2.0),0.8,0.0678,93.2,1.0
UCI,ACO-GRAANK (2.0),0.8,0.0894,128.9,1.0
UCI,ACO-GRAANK (2.0),0.8,0.0713,105.9,1.0
UCI,ACO-GRAANK (2.0),0.8,0.1396,145.0,1.0
UCI,ACO-GRAANK (2.0),0.8,0.1545,149.6,1.0
UCI,ACO-GRAANK (2.0),0.8,0.1571,156.2,0.0
UCI,ACO-GRAANK (2.0),0.8,0.129,132.0,1.0
UCI,ACO-GRAANK (2.0),0.8,0.1121,119.2,1.0
UCI,ACO-GRAANK (2.0),0.8,0.0926,139.8,0.0
UCI,ACO-GRAANK (2.0),0.8,0.2264,182.5,1.0
UCI,ACO-GRAANK (2.0),0.8,0.0808,118.9,1.0
UCI,ACO-GRAANK (2.0),0.8,0.0689,107.1,1.0
UCI,ACO-GRAANK (2.0),0.8,0.1843,191.6,1.0
UCI,ACO-GRAANK (2.0),0.8,0.1429,148.0,1.0
UCI,ACO-GRAANK (2.0),0.8,0.1052,133.5,1.0
UCI,ACO-GRAANK (2.0),0.8,0.1579,161.9,1.0
UCI,ACO-GRAANK (2.0),0.8,0.1173,128.6,0.0
UCI,ACO-GRAANK (2.0),0.8,0.0756,127.0,0.0
UCI,ACO-GRAANK (2.0),0.8,0.1277,131.1,1.0
UCI,ACO-GRAANK (2.0),0.8,0.1343,130.3,1.0
UCI,ACO-GRAANK (2.0),0.8,0.1005,115.2,1.0
UCI,ACO-GRAANK (2.0),0.8,0.1491,148.8,0.0
UCI,ACO-GRAANK (2.0),0.8,0.0593,99.1,1.0
UCI,ACO-GRAANK (2.0),0.8,0.1138,125.6,0.0
UCI,ACO-GRAANK (2.0),0.8,0.1988,127.0,1.0
UCI,ACO-GRAANK (2.0),0.8,0.1575,145.0,1.0
UCI,ACO-GRAANK (2.0),0.8,0.1465,131.7,0.0
UCI,ACO-GRAANK (2.0),0.8,0.184,158.4,0.0
UCI,ACO-GRAANK (2.0),0.8,0.0831,116.2,1.0
UCI,ACO-GRAANK (2.0),0.8,0.1297,126.7,1.0
UCI,ACO-LCM (1.0),0.8,21.317,1234.0,2.0
UCI,ACO-LCM (1.0),0.8,23.085,1237.0,4.0
UCI,ACO-LCM (1.0),0.8,23.034,1234.0,2.0
UCI,ACO-LCM (1.0),0.8,23.644,1236.0,3.0
UCI,ACO-LCM (1.0),0.8,21.181,1232.0,1.0
UCI,ACO-LCM (1.0),0.8,22.584,1235.0,3.0
UCI,ACO-LCM (1.0),0.8,22.292,1234.0,2.0
UCI,ACO-LCM (1.0),0.8,20.224,1234.0,2.0
UCI,ACO-LCM (1.0),0.8,20.705,1234.0,2.0
UCI,ACO-LCM (1.0),0.8,22.122,1234.0,2.0
UCI,ACO-LCM (1.0),0.8,21.187,1232.0,1.0
UCI,ACO-LCM (1.0),0.8,20.98,1234.0,2.0
UCI,ACO-LCM (1.0),0.8,22.574,1234.0,2.0
UCI,ACO-LCM (1.0),0.8,22.708,1234.0,2.0
UCI,ACO-LCM (1.0),0.8,21.922,1234.0,2.0
UCI,ACO-LCM (1.0),0.8,19.091,1232.0,1.0
UCI,ACO-LCM (1.0),0.8,18.915,1232.0,1.0
UCI,ACO-LCM (1.0),0.8,22.719,1234.0,2.0
UCI,ACO-LCM (1.0),0.8,20.478,1232.0,1.0
UCI,ACO-LCM (1.0),0.8,21.301,1234.0,2.0
UCI,ACO-LCM (1.0),0.8,22.35,1234.0,2.0
UCI,ACO-LCM (1.0),0.8,20.771,1232.0,1.0
UCI,ACO-LCM (1.0),0.8,22.889,1234.0,2.0
UCI,ACO-LCM (1.0),0.8,21.776,1234.0,2.0
UCI,ACO-LCM (1.0),0.8,21.003,1232.0,1.0
UCI,ACO-LCM (1.0),0.8,22.147,1234.0,2.0
UCI,ACO-LCM (1.0),0.8,21.862,1232.0,1.0
UCI,ACO-LCM (1.0),0.8,21.137,1232.0,1.0
UCI,ACO-LCM (1.0),0.8,21.368,1236.0,3.0
UCI,ACO-LCM (1.0),0.8,22.203,1234.0,2.0
UCI,ACO-LCM (1.0),0.8,20.701,1232.0,1.0
UCI,ACO-LCM (1.0),0.8,20.486,1232.0,1.0
UCI,ACO-LCM (1.0),0.8,22.687,1234.0,2.0
UCI,GRAANK,0.8,0.1688,60.0,2.0
UCI,GRAANK,0.8,0.1749,59.9,2.0
UCI,GRAANK,0.8,0.169,60.0,2.0
UCI,GRAANK,0.8,0.1681,60.0,2.0
UCI,GRAANK,0.8,0.1717,60.0,2.0
UCI,GRAANK,0.8,0.1723,60.0,2.0
UCI,GRAANK,0.8,0.1764,60.0,2.0
UCI,GRAANK,0.8,0.1709,60.0,2.0
UCI,GRAANK,0.8,0.1758,60.0,2.0
UCI,GRAANK,0.8,0.1938,60.0,2.0
UCI,GRAANK,0.8,0.1718,60.0,2.0
UCI,GRAANK,0.8,0.1752,60.0,2.0
UCI,GRAANK,0.8,0.1752,60.0,2.0
UCI,GRAANK,0.8,0.1704,60.0,2.0
UCI,GRAANK,0.8,0.1691,60.0,2.0
UCI,GRAANK,0.8,0.1731,60.0,2.0
UCI,GRAANK,0.8,0.1752,60.0,2.0
UCI,GRAANK,0.8,0.1712,60.0,2.0
UCI,GRAANK,0.8,0.1873,60.0,2.0
UCI,GRAANK,0.8,0.1681,60.0,2.0
UCI,GRAANK,0.8,0.1705,60.0,2.0
UCI,GRAANK,0.8,0.1741,60.0,2.0
UCI,GRAANK,0.8,0.1703,60.0,2.0
UCI,GRAANK,0.8,0.176,60.0,2.0
UCI,GRAANK,0.8,0.1747,60.0,2.0
UCI,GRAANK,0.8,0.1685,60.0,2.0
UCI,GRAANK,0.8,0.1935,60.0,2.0
UCI,GRAANK,0.8,0.1691,60.0,2.0
UCI,GRAANK,0.8,0.1928,60.0,2.0
UCI,GRAANK,0.8,0.178,60.0,2.0
UCI,GRAANK,0.8,0.1685,60.0,2.0
UCI,GRAANK,0.8,0.1707,60.0,2.0
UCI,GRAANK,0.8,0.1699,60.0,2.0
UCI,LCM-GRAD (1.0),0.8,215.01,26590.0,8.0
UCI,LCM-GRAD (1.0),0.8,219.68,26590.0,8.0
UCI,LCM-GRAD (1.0),0.8,216.17,26590.0,8.0
UCI,LCM-GRAD (1.0),0.8,220.72,26590.0,8.0
UCI,LCM-GRAD (1.0),0.8,220.74,26590.0,8.0
UCI,LCM-GRAD (1.0),0.8,214.55,26590.0,8.0
UCI,LCM-GRAD (1.0),0.8,213.24,26590.0,8.0
UCI,LCM-GRAD (1.0),0.8,211.68,26590.0,8.0
UCI,LCM-GRAD (1.0),0.8,214.58,26590.0,8.0
UCI,LCM-GRAD (1.0),0.8,221.24,26590.0,8.0
UCI,LCM-GRAD (1.0),0.8,213.76,26590.0,8.0
UCI,LCM-GRAD (1.0),0.8,220.18,26590.0,8.0
UCI,LCM-GRAD (1.0),0.8,226.33,26590.0,8.0
UCI,LCM-GRAD (1.0),0.8,211.32,26590.0,8.0
UCI,LCM-GRAD (1.0),0.8,219.15,26590.0,8.0
UCI,LCM-GRAD (1.0),0.8,213.85,26590.0,8.0
UCI,LCM-GRAD (1.0),0.8,220.14,26590.0,8.0
UCI,LCM-GRAD (1.0),0.8,214.55,26590.0,8.0
UCI,LCM-GRAD (1.0),0.8,215.9,26590.0,8.0
UCI,LCM-GRAD (1.0),0.8,213.53,26590.0,8.0
UCI,LCM-GRAD (1.0),0.8,227.25,26590.0,8.0
UCI,LCM-GRAD (1.0),0.8,213.86,26590.0,8.0
UCI,LCM-GRAD (1.0),0.8,209.41,26590.0,8.0
UCI,LCM-GRAD (1.0),0.8,213.68,26590.0,8.0
UCI,LCM-GRAD (1.0),0.8,213.25,26590.0,8.0
UCI,LCM-GRAD (1.0),0.8,214.56,26590.0,8.0
UCI,LCM-GRAD (1.0),0.8,209.61,26590.0,8.0
UCI,LCM-GRAD (1.0),0.8,211.4,26590.0,8.0
UCI,LCM-GRAD (1.0),0.8,212.48,26590.0,8.0
UCI,LCM-GRAD (1.0),0.8,214.93,26590.0,8.0
UCI,LCM-GRAD (1.0),0.8,212.76,26590.0,8.0
UCI,LCM-GRAD (1.0),0.8,219.3,26590.0,8.0
UCI,LCM-GRAD (1.0),0.8,217.91,26590.0,8.0
UCI,ACO-GRAANK (2.0),0.9,0.1662,183.2,1.0
UCI,ACO-GRAANK (2.0),0.9,0.1677,159.2,0.0
UCI,ACO-GRAANK (2.0),0.9,0.1662,158.2,1.0
UCI,ACO-GRAANK (2.0),0.9,0.143,155.8,0.0
UCI,ACO-GRAANK (2.0),0.9,0.1032,141.0,0.0
UCI,ACO-GRAANK (2.0),0.9,0.0979,132.2,1.0
UCI,ACO-GRAANK (2.0),0.9,0.1316,136.6,0.0
UCI,ACO-GRAANK (2.0),0.9,0.145,144.5,1.0
UCI,ACO-GRAANK (2.0),0.9,0.1497,165.7,0.0
UCI,ACO-GRAANK (2.0),0.9,0.11,114.9,0.0
UCI,ACO-GRAANK (2.0),0.9,0.1742,169.5,1.0
UCI,ACO-GRAANK (2.0),0.9,0.124,132.9,1.0
UCI,ACO-GRAANK (2.0),0.9,0.1373,140.2,0.0
UCI,ACO-GRAANK (2.0),0.9,0.2111,185.9,1.0
UCI,ACO-GRAANK (2.0),0.9,0.1069,114.7,0.0
UCI,ACO-GRAANK (2.0),0.9,0.0951,133.8,0.0
UCI,ACO-GRAANK (2.0),0.9,0.1605,139.7,0.0
UCI,ACO-GRAANK (2.0),0.9,0.0854,116.2,1.0
UCI,ACO-GRAANK (2.0),0.9,0.1338,135.2,1.0
UCI,ACO-GRAANK (2.0),0.9,0.1664,153.0,1.0
UCI,ACO-GRAANK (2.0),0.9,0.1391,131.1,1.0
UCI,ACO-GRAANK (2.0),0.9,0.1028,141.8,0.0
UCI,ACO-GRAANK (2.0),0.9,0.1182,126.7,0.0
UCI,ACO-GRAANK (2.0),0.9,0.1222,124.0,1.0
UCI,ACO-GRAANK (2.0),0.9,0.1484,158.0,1.0
UCI,ACO-GRAANK (2.0),0.9,0.1576,138.0,1.0
UCI,ACO-GRAANK (2.0),0.9,0.1299,124.7,1.0
UCI,ACO-GRAANK (2.0),0.9,0.1534,152.4,1.0
UCI,ACO-GRAANK (2.0),0.9,0.0771,112.1,1.0
UCI,ACO-GRAANK (2.0),0.9,0.1402,133.6,0.0
UCI,ACO-GRAANK (2.0),0.9,0.1183,120.7,1.0
UCI,ACO-GRAANK (2.0),0.9,0.0609,93.9,1.0
UCI,ACO-GRAANK (2.0),0.9,0.0662,106.2,0.0
UCI,ACO-LCM (1.0),0.9,20.735,1232.0,1.0
UCI,ACO-LCM (1.0),0.9,21.14,1234.0,2.0
UCI,ACO-LCM (1.0),0.9,21.702,1232.0,1.0
UCI,ACO-LCM (1.0),0.9,20.913,1232.0,1.0
UCI,ACO-LCM (1.0),0.9,22.099,1234.0,2.0
UCI,ACO-LCM (1.0),0.9,22.379,1234.0,2.0
UCI,ACO-LCM (1.0),0.9,21.538,1232.0,1.0
UCI,ACO-LCM (1.0),0.9,22.347,1234.0,2.0
UCI,ACO-LCM (1.0),0.9,21.335,1232.0,1.0
UCI,ACO-LCM (1.0),0.9,21.293,1232.0,1.0
UCI,ACO-LCM (1.0),0.9,21.9,1236.0,3.0
UCI,ACO-LCM (1.0),0.9,20.756,1232.0,1.0
UCI,ACO-LCM (1.0),0.9,22.573,1236.0,3.0
UCI,ACO-LCM (1.0),0.9,19.066,1232.0,1.0
UCI,ACO-LCM (1.0),0.9,20.739,1232.0,1.0
UCI,ACO-LCM (1.0),0.9,24.363,1235.0,3.0
UCI,ACO-LCM (1.0),0.9,23.23,1235.0,3.0
UCI,ACO-LCM (1.0),0.9,21.491,1234.0,2.0
UCI,ACO-LCM (1.0),0.9,21.404,1234.0,2.0
UCI,ACO-LCM (1.0),0.9,22.147,1234.0,2.0
UCI,ACO-LCM (1.0),0.9,20.712,1232.0,1.0
UCI,ACO-LCM (1.0),0.9,22.455,1234.0,2.0
UCI,ACO-LCM (1.0),0.9,21.521,1232.0,1.0
UCI,ACO-LCM (1.0),0.9,21.306,1232.0,1.0
UCI,ACO-LCM (1.0),0.9,22.633,1234.0,2.0
UCI,ACO-LCM (1.0),0.9,20.657,1232.0,1.0
UCI,ACO-LCM (1.0),0.9,20.653,1232.0,1.0
UCI,ACO-LCM (1.0),0.9,22.264,1234.0,2.0
UCI,ACO-LCM (1.0),0.9,21.469,1232.0,1.0
UCI,ACO-LCM (1.0),0.9,20.922,1232.0,1.0
UCI,ACO-LCM (1.0),0.9,22.978,1235.0,3.0
UCI,ACO-LCM (1.0),0.9,24.339,1235.0,3.0
UCI,ACO-LCM (1.0),0.9,21.255,1234.0,2.0
UCI,GRAANK,0.9,0.1743,59.9,2.0
UCI,GRAANK,0.9,0.1932,60.0,2.0
UCI,GRAANK,0.9,0.1685,60.0,2.0
UCI,GRAANK,0.9,0.1745,60.0,2.0
UCI,GRAANK,0.9,0.1707,60.0,2.0
UCI,GRAANK,0.9,0.1688,60.0,2.0
UCI,GRAANK,0.9,0.1702,59.9,2.0
UCI,GRAANK,0.9,0.1887,60.0,2.0
UCI,GRAANK,0.9,0.1875,60.0,2.0
UCI,GRAANK,0.9,0.1749,60.0,2.0
UCI,GRAANK,0.9,0.1692,60.0,2.0
UCI,GRAANK,0.9,0.1931,60.0,2.0
UCI,GRAANK,0.9,0.1711,60.0,2.0
UCI,GRAANK,0.9,0.1748,60.0,2.0
UCI,GRAANK,0.9,0.1713,60.0,2.0
UCI,GRAANK,0.9,0.1689,60.0,2.0
UCI,GRAANK,0.9,0.1674,60.0,2.0
UCI,GRAANK,0.9,0.1705,60.0,2.0
UCI,GRAANK,0.9,0.1681,60.0,2.0
UCI,GRAANK,0.9,0.1693,60.0,2.0
UCI,GRAANK,0.9,0.1704,60.0,2.0
UCI,GRAANK,0.9,0.1709,60.0,2.0
UCI,GRAANK,0.9,0.1771,60.0,2.0
UCI,GRAANK,0.9,0.1709,60.0,2.0
UCI,GRAANK,0.9,0.1698,60.0,2.0
UCI,GRAANK,0.9,0.1699,60.0,2.0
UCI,GRAANK,0.9,0.1686,59.9,2.0
UCI,GRAANK,0.9,0.176,60.0,2.0
UCI,GRAANK,0.9,0.1712,60.0,2.0
UCI,GRAANK,0.9,0.1725,60.0,2.0
UCI,GRAANK,0.9,0.1697,60.0,2.0
UCI,GRAANK,0.9,0.1698,59.9,2.0
UCI,GRAANK,0.9,0.1779,60.0,2.0
UCI,LCM-GRAD (1.0),0.9,218.88,26590.0,8.0
UCI,LCM-GRAD (1.0),0.9,220.41,26590.0,8.0
UCI,LCM-GRAD (1.0),0.9,215.42,26590.0,8.0
UCI,LCM-GRAD (1.0),0.9,213.0,26590.0,8.0
UCI,LCM-GRAD (1.0),0.9,216.34,26590.0,8.0
UCI,LCM-GRAD (1.0),0.9,216.31,26590.0,8.0
UCI,LCM-GRAD (1.0),0.9,213.64,26590.0,8.0
UCI,LCM-GRAD (1.0),0.9,224.54,26590.0,8.0
UCI,LCM-GRAD (1.0),0.9,210.76,26590.0,8.0
UCI,LCM-GRAD (1.0),0.9,214.8,26590.0,8.0
UCI,LCM-GRAD (1.0),0.9,215.29,26590.0,8.0
UCI,LCM-GRAD (1.0),0.9,225.29,26590.0,8.0
UCI,LCM-GRAD (1.0),0.9,210.08,26590.0,8.0
UCI,LCM-GRAD (1.0),0.9,210.25,26590.0,8.0
UCI,LCM-GRAD (1.0),0.9,211.01,26590.0,8.0
UCI,LCM-GRAD (1.0),0.9,215.87,26590.0,8.0
UCI,LCM-GRAD (1.0),0.9,221.01,26590.0,8.0
UCI,LCM-GRAD (1.0),0.9,224.89,26590.0,8.0
UCI,LCM-GRAD (1.0),0.9,215.95,26590.0,8.0
UCI,LCM-GRAD (1.0),0.9,212.26,26590.0,8.0
UCI,LCM-GRAD (1.0),0.9,220.24,26590.0,8.0
UCI,LCM-GRAD (1.0),0.9,216.84,26590.0,8.0
UCI,LCM-GRAD (1.0),0.9,215.3,26590.0,8.0
UCI,LCM-GRAD (1.0),0.9,219.72,26590.0,8.0
UCI,LCM-GRAD (1.0),0.9,221.07,26590.0,8.0
UCI,LCM-GRAD (1.0),0.9,210.63,26590.0,8.0
UCI,LCM-GRAD (1.0),0.9,221.69,26590.0,8.0
UCI,LCM-GRAD (1.0),0.9,210.54,26590.0,8.0
UCI,LCM-GRAD (1.0),0.9,221.35,26590.0,8.0
UCI,LCM-GRAD (1.0),0.9,220.35,26590.0,8.0
UCI,LCM-GRAD (1.0),0.9,211.41,26590.0,8.0
UCI,LCM-GRAD (1.0),0.9,213.28,26590.0,8.0
UCI,LCM-GRAD (1.0),0.9,218.01,26590.0,8.0
