,Data-set,Algorithm,Support,Run-time,Memory,Patterns
13,B_C,ACO-GRAANK,0.5,0.0397,117.3,5.0
37,B_C,ACO-GRAANK,0.5,0.0244,99.2,3.0
88,B_C,ACO-GRAANK,0.5,0.0303,109.3,4.0
304,B_C,ACO-GRAANK,0.5,0.0458,110.9,4.0
321,B_C,ACO-GRAANK,0.5,0.0165,80.1,1.0
370,B_C,ACO-GRAANK,0.5,0.0536,103.5,7.0
460,B_C,ACO-GRAANK,0.5,0.0266,101.5,3.0
473,B_C,ACO-GRAANK,0.5,0.0372,115.6,6.0
608,B_C,ACO-GRAANK,0.5,0.0209,92.8,2.0
21,B_C,ACO-LCM,0.5,0.4592,368.9,3.0
136,B_C,ACO-LCM,0.5,0.4457,356.2,2.0
193,B_C,ACO-LCM,0.5,0.5339,411.4,15.0
411,B_C,ACO-LCM,0.5,0.5149,408.2,13.0
495,B_C,ACO-LCM,0.5,0.5157,404.2,12.0
534,B_C,ACO-LCM,0.5,0.491,396.1,8.0
547,B_C,ACO-LCM,0.5,0.5026,401.0,9.0
579,B_C,ACO-LCM,0.5,0.4775,379.6,5.0
591,B_C,ACO-LCM,0.5,0.5395,405.8,15.0
58,B_C,GRAANK,0.5,1.1971,101.7,58.0
71,B_C,GRAANK,0.5,1.1882,101.7,58.0
133,B_C,GRAANK,0.5,1.1691,101.7,58.0
430,B_C,GRAANK,0.5,1.1927,101.7,58.0
518,B_C,GRAANK,0.5,1.19,101.7,58.0
527,B_C,GRAANK,0.5,1.1974,101.7,58.0
565,B_C,GRAANK,0.5,1.1885,101.7,58.0
596,B_C,GRAANK,0.5,1.1883,101.7,58.0
628,B_C,GRAANK,0.5,1.1706,101.7,58.0
48,B_C,LCM-GRAD,0.5,14.989,10446.0,19.0
53,B_C,LCM-GRAD,0.5,15.016,10446.0,19.0
77,B_C,LCM-GRAD,0.5,15.113,10446.0,19.0
148,B_C,LCM-GRAD,0.5,15.149,10446.0,19.0
170,B_C,LCM-GRAD,0.5,15.089,10446.0,19.0
293,B_C,LCM-GRAD,0.5,15.44,10446.0,19.0
399,B_C,LCM-GRAD,0.5,14.885,10446.0,19.0
516,B_C,LCM-GRAD,0.5,15.358,10446.0,19.0
621,B_C,LCM-GRAD,0.5,15.593,10446.0,19.0
163,B_C,ACO-GRAANK,0.6,0.0392,124.2,1.0
255,B_C,ACO-GRAANK,0.6,0.0356,118.5,1.0
273,B_C,ACO-GRAANK,0.6,0.0436,125.4,3.0
328,B_C,ACO-GRAANK,0.6,0.031,115.0,1.0
385,B_C,ACO-GRAANK,0.6,0.0196,90.2,2.0
390,B_C,ACO-GRAANK,0.6,0.0961,189.1,2.0
474,B_C,ACO-GRAANK,0.6,0.0311,110.7,3.0
531,B_C,ACO-GRAANK,0.6,0.0203,92.4,1.0
631,B_C,ACO-GRAANK,0.6,0.0207,93.3,1.0
112,B_C,ACO-LCM,0.6,0.5484,413.6,14.0
185,B_C,ACO-LCM,0.6,0.5295,402.3,12.0
240,B_C,ACO-LCM,0.6,0.6228,431.1,25.0
252,B_C,ACO-LCM,0.6,0.5497,416.2,13.0
398,B_C,ACO-LCM,0.6,0.4305,348.9,1.0
414,B_C,ACO-LCM,0.6,0.4594,364.3,3.0
533,B_C,ACO-LCM,0.6,0.6414,437.1,27.0
592,B_C,ACO-LCM,0.6,0.5501,422.4,14.0
599,B_C,ACO-LCM,0.6,0.5784,422.7,16.0
105,B_C,GRAANK,0.6,0.5168,62.7,12.0
124,B_C,GRAANK,0.6,0.5184,62.7,12.0
155,B_C,GRAANK,0.6,0.5157,62.7,12.0
169,B_C,GRAANK,0.6,0.5176,62.7,12.0
360,B_C,GRAANK,0.6,0.518,62.7,12.0
375,B_C,GRAANK,0.6,0.519,62.7,12.0
431,B_C,GRAANK,0.6,0.5166,62.7,12.0
545,B_C,GRAANK,0.6,0.5192,62.7,12.0
617,B_C,GRAANK,0.6,0.5161,62.7,12.0
18,B_C,LCM-GRAD,0.6,14.985,10232.0,19.0
195,B_C,LCM-GRAD,0.6,14.79,10232.0,19.0
334,B_C,LCM-GRAD,0.6,14.59,10231.0,19.0
367,B_C,LCM-GRAD,0.6,14.674,10231.0,19.0
380,B_C,LCM-GRAD,0.6,14.88,10232.0,19.0
428,B_C,LCM-GRAD,0.6,14.826,10231.0,19.0
517,B_C,LCM-GRAD,0.6,15.189,10232.0,19.0
609,B_C,LCM-GRAD,0.6,14.899,10231.0,19.0
630,B_C,LCM-GRAD,0.6,14.903,9951.0,19.0
57,B_C,ACO-GRAANK,0.7,0.0817,155.7,1.0
70,B_C,ACO-GRAANK,0.7,0.0921,151.6,1.0
120,B_C,ACO-GRAANK,0.7,0.0172,82.4,1.0
123,B_C,ACO-GRAANK,0.7,0.0898,158.3,2.0
151,B_C,ACO-GRAANK,0.7,0.0461,105.4,1.0
197,B_C,ACO-GRAANK,0.7,0.0239,101.8,1.0
351,B_C,ACO-GRAANK,0.7,0.0816,180.8,1.0
393,B_C,ACO-GRAANK,0.7,0.1083,176.6,1.0
441,B_C,ACO-GRAANK,0.7,0.1313,205.3,0.0
56,B_C,ACO-LCM,0.7,0.7105,448.8,32.0
140,B_C,ACO-LCM,0.7,0.5935,429.3,20.0
141,B_C,ACO-LCM,0.7,0.6483,440.9,25.0
214,B_C,ACO-LCM,0.7,0.5664,418.5,16.0
244,B_C,ACO-LCM,0.7,0.5932,431.0,20.0
333,B_C,ACO-LCM,0.7,0.5605,428.4,15.0
425,B_C,ACO-LCM,0.7,0.5296,410.7,10.0
470,B_C,ACO-LCM,0.7,0.805,461.6,41.0
616,B_C,ACO-LCM,0.7,0.4775,379.2,4.0
16,B_C,GRAANK,0.7,0.4574,50.1,4.0
29,B_C,GRAANK,0.7,0.4556,50.0,4.0
231,B_C,GRAANK,0.7,0.4573,50.1,4.0
358,B_C,GRAANK,0.7,0.4587,50.1,4.0
389,B_C,GRAANK,0.7,0.456,50.1,4.0
409,B_C,GRAANK,0.7,0.455,50.1,4.0
458,B_C,GRAANK,0.7,0.4557,50.1,4.0
461,B_C,GRAANK,0.7,0.4576,50.1,4.0
627,B_C,GRAANK,0.7,0.4585,50.1,4.0
143,B_C,LCM-GRAD,0.7,14.698,9921.0,19.0
226,B_C,LCM-GRAD,0.7,14.771,9754.0,19.0
235,B_C,LCM-GRAD,0.7,14.707,9754.0,19.0
239,B_C,LCM-GRAD,0.7,14.49,9754.0,19.0
302,B_C,LCM-GRAD,0.7,14.851,9922.0,19.0
379,B_C,LCM-GRAD,0.7,14.445,9754.0,19.0
422,B_C,LCM-GRAD,0.7,15.311,9738.0,19.0
553,B_C,LCM-GRAD,0.7,15.074,9754.0,19.0
572,B_C,LCM-GRAD,0.7,14.715,9922.0,19.0
76,B_C,ACO-GRAANK,0.8,0.0692,138.9,0.0
242,B_C,ACO-GRAANK,0.8,0.0671,145.8,0.0
297,B_C,ACO-GRAANK,0.8,0.1299,200.7,1.0
337,B_C,ACO-GRAANK,0.8,0.071,139.1,0.0
349,B_C,ACO-GRAANK,0.8,0.0524,113.3,1.0
353,B_C,ACO-GRAANK,0.8,0.1422,221.2,0.0
420,B_C,ACO-GRAANK,0.8,0.0712,148.9,1.0
435,B_C,ACO-GRAANK,0.8,0.0712,136.0,1.0
551,B_C,ACO-GRAANK,0.8,0.204,214.2,0.0
91,B_C,ACO-LCM,0.8,0.797,447.0,28.0
119,B_C,ACO-LCM,0.8,0.4429,353.4,1.0
225,B_C,ACO-LCM,0.8,0.5118,391.4,6.0
287,B_C,ACO-LCM,0.8,0.5726,428.3,14.0
322,B_C,ACO-LCM,0.8,0.5594,426.6,11.0
488,B_C,ACO-LCM,0.8,0.5589,420.2,10.0
595,B_C,ACO-LCM,0.8,0.4604,373.1,3.0
624,B_C,ACO-LCM,0.8,0.5131,389.7,6.0
633,B_C,ACO-LCM,0.8,0.7331,446.8,25.0
132,B_C,GRAANK,0.8,0.4556,46.4,2.0
257,B_C,GRAANK,0.8,0.4557,46.4,2.0
267,B_C,GRAANK,0.8,0.4573,46.4,2.0
444,B_C,GRAANK,0.8,0.4554,46.4,2.0
477,B_C,GRAANK,0.8,0.457,46.4,2.0
484,B_C,GRAANK,0.8,0.451,46.4,2.0
568,B_C,GRAANK,0.8,0.4571,46.4,2.0
634,B_C,GRAANK,0.8,0.4566,46.4,2.0
663,B_C,GRAANK,0.8,0.4586,46.4,2.0
129,B_C,LCM-GRAD,0.8,13.616,9720.0,18.0
179,B_C,LCM-GRAD,0.8,13.596,9720.0,18.0
275,B_C,LCM-GRAD,0.8,13.645,9720.0,18.0
294,B_C,LCM-GRAD,0.8,13.651,9720.0,18.0
301,B_C,LCM-GRAD,0.8,14.276,9720.0,18.0
476,B_C,LCM-GRAD,0.8,13.66,9720.0,18.0
508,B_C,LCM-GRAD,0.8,13.76,9720.0,18.0
513,B_C,LCM-GRAD,0.8,13.508,9720.0,18.0
550,B_C,LCM-GRAD,0.8,13.628,9720.0,18.0
109,B_C,ACO-GRAANK,0.9,0.0221,96.8,1.0
126,B_C,ACO-GRAANK,0.9,0.1585,190.8,0.0
216,B_C,ACO-GRAANK,0.9,0.0444,108.6,1.0
218,B_C,ACO-GRAANK,0.9,0.1418,116.6,0.0
243,B_C,ACO-GRAANK,0.9,0.0768,176.8,0.0
290,B_C,ACO-GRAANK,0.9,0.0976,179.9,0.0
606,B_C,ACO-GRAANK,0.9,0.168,184.2,0.0
644,B_C,ACO-GRAANK,0.9,0.0391,102.2,1.0
650,B_C,ACO-GRAANK,0.9,0.2108,218.7,0.0
138,B_C,ACO-LCM,0.9,0.5791,381.8,8.0
258,B_C,ACO-LCM,0.9,0.6215,403.6,11.0
268,B_C,ACO-LCM,0.9,0.5655,389.3,8.0
282,B_C,ACO-LCM,0.9,0.8868,420.5,29.0
464,B_C,ACO-LCM,0.9,0.7318,416.2,21.0
485,B_C,ACO-LCM,0.9,0.6611,422.7,15.0
543,B_C,ACO-LCM,0.9,0.5175,387.4,6.0
603,B_C,ACO-LCM,0.9,0.6213,399.1,12.0
647,B_C,ACO-LCM,0.9,0.6598,403.8,15.0
30,B_C,GRAANK,0.9,0.4563,46.4,2.0
139,B_C,GRAANK,0.9,0.4496,46.4,2.0
264,B_C,GRAANK,0.9,0.459,46.4,2.0
270,B_C,GRAANK,0.9,0.4577,46.4,2.0
346,B_C,GRAANK,0.9,0.4579,46.4,2.0
363,B_C,GRAANK,0.9,0.4498,46.4,2.0
400,B_C,GRAANK,0.9,0.4551,46.4,2.0
503,B_C,GRAANK,0.9,0.4566,46.4,2.0
584,B_C,GRAANK,0.9,0.4576,46.4,2.0
46,B_C,LCM-GRAD,0.9,12.425,9228.0,17.0
74,B_C,LCM-GRAD,0.9,12.35,9228.0,17.0
291,B_C,LCM-GRAD,0.9,12.964,9228.0,17.0
311,B_C,LCM-GRAD,0.9,12.407,9228.0,17.0
314,B_C,LCM-GRAD,0.9,12.218,9228.0,17.0
493,B_C,LCM-GRAD,0.9,12.196,9228.0,17.0
515,B_C,LCM-GRAD,0.9,12.449,9228.0,17.0
607,B_C,LCM-GRAD,0.9,12.265,9228.0,17.0
651,B_C,LCM-GRAD,0.9,12.486,9228.0,17.0
178,Buoys,ACO-GRAANK,0.5,0.0754,129.8,9.0
219,Buoys,ACO-GRAANK,0.5,0.0766,138.7,8.0
221,Buoys,ACO-GRAANK,0.5,0.1287,155.8,12.0
230,Buoys,ACO-GRAANK,0.5,0.0899,141.7,10.0
271,Buoys,ACO-GRAANK,0.5,0.094,143.2,10.0
303,Buoys,ACO-GRAANK,0.5,0.1564,172.4,15.0
449,Buoys,ACO-GRAANK,0.5,0.1712,139.8,16.0
492,Buoys,ACO-GRAANK,0.5,0.183,142.7,13.0
597,Buoys,ACO-GRAANK,0.5,0.1026,148.3,12.0
341,Buoys,ACO-LCM,0.5,2.7712,456.9,8.0
361,Buoys,ACO-LCM,0.5,2.4822,442.9,3.0
377,Buoys,ACO-LCM,0.5,2.9389,473.0,9.0
433,Buoys,ACO-LCM,0.5,2.707,450.9,5.0
566,Buoys,ACO-LCM,0.5,2.5241,435.4,2.0
586,Buoys,ACO-LCM,0.5,2.9052,465.0,7.0
629,Buoys,ACO-LCM,0.5,2.9969,473.6,10.0
658,Buoys,ACO-LCM,0.5,2.7838,457.3,6.0
665,Buoys,ACO-LCM,0.5,2.9083,473.8,8.0
85,Buoys,GRAANK,0.5,13.692,212.6,160.0
94,Buoys,GRAANK,0.5,13.689,212.6,160.0
122,Buoys,GRAANK,0.5,13.682,212.6,160.0
209,Buoys,GRAANK,0.5,13.701,212.6,160.0
320,Buoys,GRAANK,0.5,13.737,212.6,160.0
348,Buoys,GRAANK,0.5,13.673,212.6,160.0
365,Buoys,GRAANK,0.5,13.702,212.6,160.0
388,Buoys,GRAANK,0.5,13.855,212.6,160.0
468,Buoys,GRAANK,0.5,13.782,212.6,160.0
20,Buoys,LCM-GRAD,0.5,339.82,55619.0,33.0
64,Buoys,LCM-GRAD,0.5,323.56,55619.0,33.0
259,Buoys,LCM-GRAD,0.5,319.42,55619.0,33.0
289,Buoys,LCM-GRAD,0.5,349.62,55619.0,33.0
387,Buoys,LCM-GRAD,0.5,350.03,55619.0,33.0
429,Buoys,LCM-GRAD,0.5,342.25,55619.0,33.0
532,Buoys,LCM-GRAD,0.5,328.72,55619.0,33.0
632,Buoys,LCM-GRAD,0.5,326.26,55619.0,33.0
638,Buoys,LCM-GRAD,0.5,343.37,55619.0,33.0
19,Buoys,ACO-GRAANK,0.6,0.086,142.9,7.0
79,Buoys,ACO-GRAANK,0.6,0.0586,121.3,5.0
350,Buoys,ACO-GRAANK,0.6,0.1355,173.6,7.0
408,Buoys,ACO-GRAANK,0.6,0.0617,130.8,3.0
426,Buoys,ACO-GRAANK,0.6,0.3018,210.2,13.0
448,Buoys,ACO-GRAANK,0.6,0.0617,125.7,5.0
479,Buoys,ACO-GRAANK,0.6,0.0547,122.7,4.0
653,Buoys,ACO-GRAANK,0.6,0.0346,113.2,2.0
662,Buoys,ACO-GRAANK,0.6,0.0545,121.8,5.0
22,Buoys,ACO-LCM,0.6,2.3962,429.9,2.0
33,Buoys,ACO-LCM,0.6,3.0891,460.0,11.0
108,Buoys,ACO-LCM,0.6,3.0916,452.7,10.0
125,Buoys,ACO-LCM,0.6,2.8734,448.3,6.0
182,Buoys,ACO-LCM,0.6,3.0048,452.9,10.0
355,Buoys,ACO-LCM,0.6,2.4178,431.9,2.0
396,Buoys,ACO-LCM,0.6,2.5919,444.0,4.0
504,Buoys,ACO-LCM,0.6,2.7791,447.3,5.0
573,Buoys,ACO-LCM,0.6,3.0454,451.0,10.0
23,Buoys,GRAANK,0.6,4.2421,137.6,66.0
171,Buoys,GRAANK,0.6,4.1522,137.5,66.0
180,Buoys,GRAANK,0.6,4.199,137.6,66.0
266,Buoys,GRAANK,0.6,4.1986,137.6,66.0
279,Buoys,GRAANK,0.6,4.2142,137.6,66.0
335,Buoys,GRAANK,0.6,4.1977,137.6,66.0
347,Buoys,GRAANK,0.6,4.2144,137.5,66.0
580,Buoys,GRAANK,0.6,4.1872,137.5,66.0
589,Buoys,GRAANK,0.6,4.2085,137.6,66.0
61,Buoys,LCM-GRAD,0.6,225.99,53995.0,33.0
102,Buoys,LCM-GRAD,0.6,225.98,53995.0,33.0
295,Buoys,LCM-GRAD,0.6,228.61,53995.0,33.0
298,Buoys,LCM-GRAD,0.6,227.55,53995.0,33.0
354,Buoys,LCM-GRAD,0.6,229.05,53995.0,33.0
416,Buoys,LCM-GRAD,0.6,232.79,53995.0,33.0
446,Buoys,LCM-GRAD,0.6,223.87,53995.0,33.0
500,Buoys,LCM-GRAD,0.6,224.72,53995.0,33.0
538,Buoys,LCM-GRAD,0.6,228.91,53995.0,33.0
24,Buoys,ACO-GRAANK,0.7,0.0569,120.6,4.0
55,Buoys,ACO-GRAANK,0.7,0.2301,190.1,6.0
89,Buoys,ACO-GRAANK,0.7,0.0628,126.1,3.0
96,Buoys,ACO-GRAANK,0.7,0.1097,160.7,4.0
202,Buoys,ACO-GRAANK,0.7,0.0559,120.1,3.0
247,Buoys,ACO-GRAANK,0.7,0.1978,162.4,7.0
419,Buoys,ACO-GRAANK,0.7,0.21,175.5,6.0
590,Buoys,ACO-GRAANK,0.7,0.1835,161.6,7.0
640,Buoys,ACO-GRAANK,0.7,0.1335,167.0,5.0
201,Buoys,ACO-LCM,0.7,2.759,440.0,5.0
229,Buoys,ACO-LCM,0.7,2.6105,433.3,3.0
262,Buoys,ACO-LCM,0.7,2.5815,435.5,3.0
276,Buoys,ACO-LCM,0.7,2.5658,435.8,3.0
324,Buoys,ACO-LCM,0.7,2.5462,428.9,2.0
407,Buoys,ACO-LCM,0.7,3.3474,443.5,11.0
451,Buoys,ACO-LCM,0.7,2.5119,428.5,2.0
498,Buoys,ACO-LCM,0.7,2.948,443.0,7.0
539,Buoys,ACO-LCM,0.7,3.1914,442.4,9.0
87,Buoys,GRAANK,0.7,2.1809,107.7,32.0
101,Buoys,GRAANK,0.7,2.1852,107.7,32.0
107,Buoys,GRAANK,0.7,2.1906,107.7,32.0
168,Buoys,GRAANK,0.7,2.1849,107.7,32.0
237,Buoys,GRAANK,0.7,2.1723,107.7,32.0
308,Buoys,GRAANK,0.7,2.1891,107.7,32.0
423,Buoys,GRAANK,0.7,2.1585,107.7,32.0
497,Buoys,GRAANK,0.7,2.1657,107.6,32.0
635,Buoys,GRAANK,0.7,2.1835,107.7,32.0
93,Buoys,LCM-GRAD,0.7,157.48,53183.0,33.0
153,Buoys,LCM-GRAD,0.7,163.06,53183.0,33.0
164,Buoys,LCM-GRAD,0.7,156.84,53183.0,33.0
312,Buoys,LCM-GRAD,0.7,157.55,53183.0,33.0
455,Buoys,LCM-GRAD,0.7,160.49,53183.0,33.0
465,Buoys,LCM-GRAD,0.7,163.61,53183.0,33.0
475,Buoys,LCM-GRAD,0.7,161.95,53183.0,33.0
598,Buoys,LCM-GRAD,0.7,158.22,53183.0,33.0
637,Buoys,LCM-GRAD,0.7,163.51,53183.0,33.0
114,Buoys,ACO-GRAANK,0.8,0.4156,235.5,3.0
310,Buoys,ACO-GRAANK,0.8,0.155,153.4,4.0
369,Buoys,ACO-GRAANK,0.8,0.3918,230.4,2.0
395,Buoys,ACO-GRAANK,0.8,0.0775,144.1,2.0
490,Buoys,ACO-GRAANK,0.8,0.1071,171.7,3.0
506,Buoys,ACO-GRAANK,0.8,0.3689,200.3,4.0
510,Buoys,ACO-GRAANK,0.8,0.0443,130.3,1.0
552,Buoys,ACO-GRAANK,0.8,0.4295,234.8,3.0
657,Buoys,ACO-GRAANK,0.8,0.298,166.2,6.0
99,Buoys,ACO-LCM,0.8,3.5361,439.9,10.0
111,Buoys,ACO-LCM,0.8,3.0049,443.3,6.0
147,Buoys,ACO-LCM,0.8,3.3531,440.9,9.0
213,Buoys,ACO-LCM,0.8,2.4933,426.5,2.0
357,Buoys,ACO-LCM,0.8,3.0947,439.2,6.0
412,Buoys,ACO-LCM,0.8,3.4646,440.6,10.0
413,Buoys,ACO-LCM,0.8,3.3167,439.7,8.0
505,Buoys,ACO-LCM,0.8,2.7365,431.0,3.0
649,Buoys,ACO-LCM,0.8,2.8368,430.3,3.0
190,Buoys,GRAANK,0.8,1.6192,84.4,16.0
246,Buoys,GRAANK,0.8,1.6344,84.4,16.0
250,Buoys,GRAANK,0.8,1.625,84.4,16.0
256,Buoys,GRAANK,0.8,1.6262,84.4,16.0
306,Buoys,GRAANK,0.8,1.6246,84.4,16.0
327,Buoys,GRAANK,0.8,1.6327,84.4,16.0
397,Buoys,GRAANK,0.8,1.6372,84.4,16.0
440,Buoys,GRAANK,0.8,1.6239,84.4,16.0
570,Buoys,GRAANK,0.8,1.628,84.4,16.0
8,Buoys,LCM-GRAD,0.8,130.43,50920.0,32.0
80,Buoys,LCM-GRAD,0.8,129.06,50920.0,32.0
130,Buoys,LCM-GRAD,0.8,133.65,50920.0,32.0
150,Buoys,LCM-GRAD,0.8,130.92,50920.0,32.0
215,Buoys,LCM-GRAD,0.8,130.89,51160.0,32.0
217,Buoys,LCM-GRAD,0.8,132.36,50920.0,32.0
249,Buoys,LCM-GRAD,0.8,129.11,50920.0,32.0
447,Buoys,LCM-GRAD,0.8,134.61,50920.0,32.0
673,Buoys,LCM-GRAD,0.8,132.6,50920.0,32.0
4,Buoys,ACO-GRAANK,0.9,0.7316,263.0,0.0
9,Buoys,ACO-GRAANK,0.9,1.1242,207.2,1.0
47,Buoys,ACO-GRAANK,0.9,0.7181,196.4,0.0
65,Buoys,ACO-GRAANK,0.9,0.2251,203.2,1.0
128,Buoys,ACO-GRAANK,0.9,0.088,154.4,1.0
137,Buoys,ACO-GRAANK,0.9,0.4315,219.4,2.0
166,Buoys,ACO-GRAANK,0.9,0.1065,163.8,1.0
542,Buoys,ACO-GRAANK,0.9,1.5095,241.4,0.0
554,Buoys,ACO-GRAANK,0.9,0.191,187.1,2.0
31,Buoys,ACO-LCM,0.9,3.4207,437.3,8.0
43,Buoys,ACO-LCM,0.9,3.3338,438.1,6.0
73,Buoys,ACO-LCM,0.9,3.5629,437.2,8.0
103,Buoys,ACO-LCM,0.9,3.2591,438.6,7.0
159,Buoys,ACO-LCM,0.9,3.1246,436.1,5.0
186,Buoys,ACO-LCM,0.9,3.2539,436.5,6.0
261,Buoys,ACO-LCM,0.9,3.8648,438.1,11.0
263,Buoys,ACO-LCM,0.9,3.9063,437.8,10.0
575,Buoys,ACO-LCM,0.9,2.6539,425.1,2.0
35,Buoys,GRAANK,0.9,1.5038,65.9,4.0
50,Buoys,GRAANK,0.9,1.5112,65.9,4.0
67,Buoys,GRAANK,0.9,1.504,65.9,4.0
144,Buoys,GRAANK,0.9,1.5085,65.9,4.0
248,Buoys,GRAANK,0.9,1.4943,65.9,4.0
404,Buoys,GRAANK,0.9,1.5082,65.9,4.0
472,Buoys,GRAANK,0.9,1.4955,65.9,4.0
528,Buoys,GRAANK,0.9,1.5074,65.9,4.0
672,Buoys,GRAANK,0.9,1.5084,65.9,4.0
36,Buoys,LCM-GRAD,0.9,116.4,47836.0,30.0
66,Buoys,LCM-GRAD,0.9,118.58,47836.0,30.0
161,Buoys,LCM-GRAD,0.9,112.4,47836.0,30.0
189,Buoys,LCM-GRAD,0.9,113.01,47836.0,30.0
315,Buoys,LCM-GRAD,0.9,113.76,47836.0,30.0
374,Buoys,LCM-GRAD,0.9,114.9,47836.0,30.0
466,Buoys,LCM-GRAD,0.9,113.27,47836.0,30.0
481,Buoys,LCM-GRAD,0.9,115.15,47836.0,30.0
537,Buoys,LCM-GRAD,0.9,114.73,47821.0,30.0
38,C2K,ACO-GRAANK,0.5,2.3162,252.3,25.0
39,C2K,ACO-GRAANK,0.5,0.3579,209.9,12.0
272,C2K,ACO-GRAANK,0.5,0.175,168.7,3.0
330,C2K,ACO-GRAANK,0.5,2.5857,223.4,27.0
364,C2K,ACO-GRAANK,0.5,0.4568,222.1,12.0
410,C2K,ACO-GRAANK,0.5,0.3898,216.5,9.0
499,C2K,ACO-GRAANK,0.5,0.1813,174.9,5.0
540,C2K,ACO-GRAANK,0.5,0.485,222.9,13.0
578,C2K,ACO-GRAANK,0.5,0.6321,228.0,13.0
135,C2K,ACO-LCM,0.5,11.405,803.5,194.0
251,C2K,ACO-LCM,0.5,11.362,800.6,197.0
442,C2K,ACO-LCM,0.5,11.548,776.7,194.0
483,C2K,ACO-LCM,0.5,8.9705,754.1,107.0
502,C2K,ACO-LCM,0.5,11.282,781.8,196.0
524,C2K,ACO-LCM,0.5,11.261,767.8,192.0
535,C2K,ACO-LCM,0.5,11.433,770.4,194.0
549,C2K,ACO-LCM,0.5,11.825,799.9,197.0
655,C2K,ACO-LCM,0.5,11.052,781.9,192.0
25,C2K,GRAANK,0.5,58.13,217.9,802.0
210,C2K,GRAANK,0.5,57.965,218.0,802.0
281,C2K,GRAANK,0.5,57.475,218.0,802.0
366,C2K,GRAANK,0.5,58.248,218.0,802.0
438,C2K,GRAANK,0.5,57.956,218.0,802.0
453,C2K,GRAANK,0.5,58.479,218.0,802.0
457,C2K,GRAANK,0.5,58.224,217.9,802.0
469,C2K,GRAANK,0.5,57.625,218.0,802.0
656,C2K,GRAANK,0.5,58.553,218.0,802.0
149,C2K,ACO-GRAANK,0.6,0.7861,230.6,14.0
228,C2K,ACO-GRAANK,0.6,0.4274,224.3,6.0
286,C2K,ACO-GRAANK,0.6,0.5431,234.9,6.0
313,C2K,ACO-GRAANK,0.6,0.3293,209.3,5.0
403,C2K,ACO-GRAANK,0.6,1.1912,226.2,7.0
577,C2K,ACO-GRAANK,0.6,0.1198,143.6,2.0
614,C2K,ACO-GRAANK,0.6,3.627,249.2,15.0
619,C2K,ACO-GRAANK,0.6,0.2503,214.4,2.0
625,C2K,ACO-GRAANK,0.6,0.6439,221.5,7.0
134,C2K,ACO-LCM,0.6,12.894,871.0,198.0
158,C2K,ACO-LCM,0.6,12.889,851.4,197.0
203,C2K,ACO-LCM,0.6,12.835,842.7,196.0
224,C2K,ACO-LCM,0.6,13.178,859.7,199.0
386,C2K,ACO-LCM,0.6,12.931,849.2,196.0
496,C2K,ACO-LCM,0.6,12.925,880.5,198.0
581,C2K,ACO-LCM,0.6,13.281,872.9,197.0
594,C2K,ACO-LCM,0.6,12.648,850.1,196.0
661,C2K,ACO-LCM,0.6,12.918,872.8,197.0
34,C2K,GRAANK,0.6,9.5318,134.4,94.0
81,C2K,GRAANK,0.6,9.6334,134.4,94.0
198,C2K,GRAANK,0.6,9.6284,134.4,94.0
278,C2K,GRAANK,0.6,9.507,134.4,94.0
376,C2K,GRAANK,0.6,9.5141,134.4,94.0
562,C2K,GRAANK,0.6,9.4962,134.4,94.0
664,C2K,GRAANK,0.6,9.6151,134.4,94.0
669,C2K,GRAANK,0.6,9.5757,134.4,94.0
670,C2K,GRAANK,0.6,9.5382,134.4,94.0
27,C2K,ACO-GRAANK,0.7,3.7798,248.0,1.0
44,C2K,ACO-GRAANK,0.7,10.228,248.9,3.0
92,C2K,ACO-GRAANK,0.7,0.1032,139.8,1.0
97,C2K,ACO-GRAANK,0.7,0.2051,188.8,1.0
145,C2K,ACO-GRAANK,0.7,0.7882,241.2,1.0
162,C2K,ACO-GRAANK,0.7,0.4584,229.5,2.0
222,C2K,ACO-GRAANK,0.7,1.0487,242.8,3.0
356,C2K,ACO-GRAANK,0.7,6.401,248.3,1.0
523,C2K,ACO-GRAANK,0.7,0.126,154.0,1.0
75,C2K,ACO-LCM,0.7,13.844,846.9,197.0
146,C2K,ACO-LCM,0.7,13.809,856.3,199.0
156,C2K,ACO-LCM,0.7,14.019,852.7,199.0
340,C2K,ACO-LCM,0.7,13.94,835.9,198.0
383,C2K,ACO-LCM,0.7,13.836,849.9,198.0
521,C2K,ACO-LCM,0.7,13.721,846.2,195.0
544,C2K,ACO-LCM,0.7,14.131,837.9,197.0
569,C2K,ACO-LCM,0.7,14.186,835.9,197.0
612,C2K,ACO-LCM,0.7,14.307,842.1,197.0
90,C2K,GRAANK,0.7,7.2095,81.8,26.0
100,C2K,GRAANK,0.7,7.3012,81.8,26.0
183,C2K,GRAANK,0.7,7.3047,81.8,26.0
223,C2K,GRAANK,0.7,7.2792,81.8,26.0
424,C2K,GRAANK,0.7,7.235,81.8,26.0
520,C2K,GRAANK,0.7,7.2852,81.8,26.0
564,C2K,GRAANK,0.7,7.2038,81.8,26.0
645,C2K,GRAANK,0.7,7.2055,81.8,26.0
652,C2K,GRAANK,0.7,7.2059,81.8,26.0
54,C2K,ACO-GRAANK,0.8,0.5702,221.7,1.0
106,C2K,ACO-GRAANK,0.8,1.1236,225.5,1.0
118,C2K,ACO-GRAANK,0.8,0.2784,213.5,1.0
194,C2K,ACO-GRAANK,0.8,0.4356,233.7,3.0
253,C2K,ACO-GRAANK,0.8,0.5834,230.1,1.0
254,C2K,ACO-GRAANK,0.8,8.2036,244.9,2.0
284,C2K,ACO-GRAANK,0.8,0.2113,204.0,2.0
401,C2K,ACO-GRAANK,0.8,15.508,248.3,2.0
622,C2K,ACO-GRAANK,0.8,0.8392,230.2,2.0
14,C2K,ACO-LCM,0.8,16.619,703.6,195.0
42,C2K,ACO-LCM,0.8,16.601,709.0,197.0
277,C2K,ACO-LCM,0.8,16.709,717.8,197.0
288,C2K,ACO-LCM,0.8,16.83,736.1,198.0
417,C2K,ACO-LCM,0.8,17.552,686.4,197.0
427,C2K,ACO-LCM,0.8,17.104,699.2,195.0
450,C2K,ACO-LCM,0.8,17.212,698.5,197.0
583,C2K,ACO-LCM,0.8,16.372,699.9,196.0
618,C2K,ACO-LCM,0.8,16.607,705.4,197.0
17,C2K,GRAANK,0.8,7.2375,68.7,12.0
60,C2K,GRAANK,0.8,7.1866,68.7,12.0
115,C2K,GRAANK,0.8,7.1574,68.7,12.0
205,C2K,GRAANK,0.8,7.2582,68.7,12.0
207,C2K,GRAANK,0.8,7.1684,68.7,12.0
359,C2K,GRAANK,0.8,7.2152,68.7,12.0
555,C2K,GRAANK,0.8,7.1667,68.7,12.0
571,C2K,GRAANK,0.8,7.195,68.7,12.0
642,C2K,GRAANK,0.8,7.0733,68.7,12.0
1,C2K,ACO-GRAANK,0.9,8.0027,247.4,0.0
5,C2K,ACO-GRAANK,0.9,14.573,247.3,0.0
121,C2K,ACO-GRAANK,0.9,45.095,251.1,0.0
280,C2K,ACO-GRAANK,0.9,17.427,251.1,0.0
326,C2K,ACO-GRAANK,0.9,9.2911,245.0,0.0
362,C2K,ACO-GRAANK,0.9,5.0467,311.4,0.0
384,C2K,ACO-GRAANK,0.9,27.126,249.7,0.0
445,C2K,ACO-GRAANK,0.9,9.7352,247.1,0.0
613,C2K,ACO-GRAANK,0.9,8.9929,249.5,0.0
3,C2K,ACO-LCM,0.9,21.03,490.0,199.0
32,C2K,ACO-LCM,0.9,19.728,486.3,198.0
68,C2K,ACO-LCM,0.9,19.439,489.6,198.0
241,C2K,ACO-LCM,0.9,19.965,481.8,198.0
331,C2K,ACO-LCM,0.9,19.975,484.8,195.0
339,C2K,ACO-LCM,0.9,19.928,494.1,198.0
405,C2K,ACO-LCM,0.9,19.941,496.8,199.0
437,C2K,ACO-LCM,0.9,19.398,491.1,198.0
478,C2K,ACO-LCM,0.9,19.477,482.1,196.0
0,C2K,GRAANK,0.9,2.4176,44.3,0.0
6,C2K,GRAANK,0.9,2.4073,44.3,0.0
265,C2K,GRAANK,0.9,2.4071,44.3,0.0
317,C2K,GRAANK,0.9,2.3972,44.3,0.0
402,C2K,GRAANK,0.9,2.3994,44.3,0.0
439,C2K,GRAANK,0.9,2.4127,44.3,0.0
467,C2K,GRAANK,0.9,2.4006,44.3,0.0
588,C2K,GRAANK,0.9,2.4126,44.3,0.0
641,C2K,GRAANK,0.9,2.4108,44.3,0.0
7,UCI,ACO-GRAANK,0.5,0.0765,106.0,1.0
51,UCI,ACO-GRAANK,0.5,0.0846,111.1,2.0
232,UCI,ACO-GRAANK,0.5,0.1354,122.9,3.0
372,UCI,ACO-GRAANK,0.5,0.0807,108.5,1.0
378,UCI,ACO-GRAANK,0.5,0.1359,113.5,2.0
381,UCI,ACO-GRAANK,0.5,0.1514,121.9,3.0
563,UCI,ACO-GRAANK,0.5,0.1049,133.8,1.0
610,UCI,ACO-GRAANK,0.5,0.135,130.3,2.0
636,UCI,ACO-GRAANK,0.5,0.1034,126.5,2.0
52,UCI,ACO-LCM,0.5,21.161,1233.0,1.0
127,UCI,ACO-LCM,0.5,21.163,1233.0,1.0
260,UCI,ACO-LCM,0.5,20.601,1233.0,1.0
336,UCI,ACO-LCM,0.5,20.978,1233.0,1.0
463,UCI,ACO-LCM,0.5,22.146,1235.0,2.0
526,UCI,ACO-LCM,0.5,21.294,1233.0,1.0
541,UCI,ACO-LCM,0.5,21.588,1233.0,1.0
557,UCI,ACO-LCM,0.5,22.012,1235.0,2.0
666,UCI,ACO-LCM,0.5,20.97,1233.0,1.0
12,UCI,GRAANK,0.5,0.3837,73.6,7.0
83,UCI,GRAANK,0.5,0.3835,73.6,7.0
95,UCI,GRAANK,0.5,0.3805,73.5,7.0
110,UCI,GRAANK,0.5,0.3788,73.5,7.0
338,UCI,GRAANK,0.5,0.3808,73.5,7.0
382,UCI,GRAANK,0.5,0.3949,73.6,7.0
394,UCI,GRAANK,0.5,0.384,73.6,7.0
436,UCI,GRAANK,0.5,0.3798,73.5,7.0
626,UCI,GRAANK,0.5,0.3793,73.5,7.0
15,UCI,LCM-GRAD,0.5,263.66,29988.0,9.0
62,UCI,LCM-GRAD,0.5,258.3,29988.0,9.0
78,UCI,LCM-GRAD,0.5,263.17,29988.0,9.0
117,UCI,LCM-GRAD,0.5,265.58,29988.0,9.0
305,UCI,LCM-GRAD,0.5,261.55,29988.0,9.0
368,UCI,LCM-GRAD,0.5,265.8,29988.0,9.0
456,UCI,LCM-GRAD,0.5,263.64,29988.0,9.0
530,UCI,LCM-GRAD,0.5,267.5,29988.0,9.0
556,UCI,LCM-GRAD,0.5,263.12,29988.0,9.0
69,UCI,ACO-GRAANK,0.6,0.0772,113.9,0.0
116,UCI,ACO-GRAANK,0.6,0.0939,142.9,0.0
167,UCI,ACO-GRAANK,0.6,0.0693,104.9,2.0
172,UCI,ACO-GRAANK,0.6,0.0827,119.6,1.0
184,UCI,ACO-GRAANK,0.6,0.0667,104.8,1.0
300,UCI,ACO-GRAANK,0.6,0.118,139.0,2.0
319,UCI,ACO-GRAANK,0.6,0.1252,126.1,2.0
406,UCI,ACO-GRAANK,0.6,0.0748,112.1,1.0
587,UCI,ACO-GRAANK,0.6,0.1181,132.2,2.0
11,UCI,ACO-LCM,0.6,22.497,1235.0,2.0
49,UCI,ACO-LCM,0.6,21.336,1233.0,1.0
160,UCI,ACO-LCM,0.6,20.767,1233.0,1.0
233,UCI,ACO-LCM,0.6,22.637,1235.0,2.0
434,UCI,ACO-LCM,0.6,22.714,1235.0,2.0
536,UCI,ACO-LCM,0.6,22.337,1237.0,3.0
546,UCI,ACO-LCM,0.6,22.212,1235.0,2.0
548,UCI,ACO-LCM,0.6,20.98,1233.0,1.0
602,UCI,ACO-LCM,0.6,22.086,1235.0,2.0
41,UCI,GRAANK,0.6,0.193,67.3,3.0
84,UCI,GRAANK,0.6,0.185,67.3,3.0
175,UCI,GRAANK,0.6,0.1933,67.3,3.0
176,UCI,GRAANK,0.6,0.1868,67.3,3.0
204,UCI,GRAANK,0.6,0.215,67.3,3.0
234,UCI,GRAANK,0.6,0.1895,67.3,3.0
283,UCI,GRAANK,0.6,0.1949,67.3,3.0
345,UCI,GRAANK,0.6,0.1859,67.3,3.0
558,UCI,GRAANK,0.6,0.1863,67.3,3.0
154,UCI,LCM-GRAD,0.6,276.25,29988.0,9.0
173,UCI,LCM-GRAD,0.6,264.52,29988.0,9.0
285,UCI,LCM-GRAD,0.6,266.01,29988.0,9.0
307,UCI,LCM-GRAD,0.6,266.49,29988.0,9.0
418,UCI,LCM-GRAD,0.6,279.25,29988.0,9.0
512,UCI,LCM-GRAD,0.6,263.42,29988.0,9.0
514,UCI,LCM-GRAD,0.6,268.75,29988.0,9.0
525,UCI,LCM-GRAD,0.6,272.57,29988.0,9.0
601,UCI,LCM-GRAD,0.6,271.31,29988.0,9.0
220,UCI,ACO-GRAANK,0.7,0.0699,104.4,2.0
318,UCI,ACO-GRAANK,0.7,0.0593,93.2,1.0
332,UCI,ACO-GRAANK,0.7,0.0808,120.7,1.0
452,UCI,ACO-GRAANK,0.7,0.1056,118.8,2.0
462,UCI,ACO-GRAANK,0.7,0.1456,151.6,2.0
486,UCI,ACO-GRAANK,0.7,0.1528,150.0,1.0
560,UCI,ACO-GRAANK,0.7,0.0757,134.9,2.0
611,UCI,ACO-GRAANK,0.7,0.0583,93.3,1.0
639,UCI,ACO-GRAANK,0.7,0.1014,133.9,3.0
98,UCI,ACO-LCM,0.7,21.791,1235.0,2.0
181,UCI,ACO-LCM,0.7,21.51,1233.0,1.0
191,UCI,ACO-LCM,0.7,22.615,1235.0,2.0
206,UCI,ACO-LCM,0.7,19.948,1233.0,1.0
208,UCI,ACO-LCM,0.7,20.381,1233.0,1.0
343,UCI,ACO-LCM,0.7,20.667,1233.0,1.0
443,UCI,ACO-LCM,0.7,21.005,1233.0,1.0
582,UCI,ACO-LCM,0.7,21.182,1233.0,1.0
605,UCI,ACO-LCM,0.7,21.793,1233.0,1.0
28,UCI,GRAANK,0.7,0.1879,67.3,3.0
72,UCI,GRAANK,0.7,0.1853,67.3,3.0
152,UCI,GRAANK,0.7,0.2151,67.3,3.0
187,UCI,GRAANK,0.7,0.1921,67.3,3.0
325,UCI,GRAANK,0.7,0.1878,67.3,3.0
373,UCI,GRAANK,0.7,0.1873,67.3,3.0
487,UCI,GRAANK,0.7,0.1941,67.3,3.0
561,UCI,GRAANK,0.7,0.1856,67.3,3.0
667,UCI,GRAANK,0.7,0.1948,67.3,3.0
26,UCI,LCM-GRAD,0.7,267.69,29987.0,9.0
59,UCI,LCM-GRAD,0.7,265.63,29987.0,9.0
236,UCI,LCM-GRAD,0.7,275.18,29987.0,9.0
459,UCI,LCM-GRAD,0.7,266.29,29987.0,9.0
471,UCI,LCM-GRAD,0.7,270.01,29987.0,9.0
482,UCI,LCM-GRAD,0.7,265.51,29987.0,9.0
494,UCI,LCM-GRAD,0.7,263.49,29987.0,9.0
501,UCI,LCM-GRAD,0.7,263.51,29987.0,9.0
660,UCI,LCM-GRAD,0.7,267.16,29987.0,9.0
2,UCI,ACO-GRAANK,0.8,0.1444,130.7,1.0
40,UCI,ACO-GRAANK,0.8,0.0668,106.5,1.0
113,UCI,ACO-GRAANK,0.8,0.0894,128.9,1.0
177,UCI,ACO-GRAANK,0.8,0.1571,156.2,0.0
309,UCI,ACO-GRAANK,0.8,0.0689,107.1,1.0
392,UCI,ACO-GRAANK,0.8,0.1579,161.9,1.0
507,UCI,ACO-GRAANK,0.8,0.1343,130.3,1.0
511,UCI,ACO-GRAANK,0.8,0.1005,115.2,1.0
593,UCI,ACO-GRAANK,0.8,0.1575,145.0,1.0
142,UCI,ACO-LCM,0.8,21.181,1232.0,1.0
188,UCI,ACO-LCM,0.8,22.292,1234.0,2.0
329,UCI,ACO-LCM,0.8,19.091,1232.0,1.0
352,UCI,ACO-LCM,0.8,20.478,1232.0,1.0
391,UCI,ACO-LCM,0.8,21.301,1234.0,2.0
454,UCI,ACO-LCM,0.8,21.776,1234.0,2.0
659,UCI,ACO-LCM,0.8,20.701,1232.0,1.0
671,UCI,ACO-LCM,0.8,20.486,1232.0,1.0
674,UCI,ACO-LCM,0.8,22.687,1234.0,2.0
63,UCI,GRAANK,0.8,0.1749,59.9,2.0
82,UCI,GRAANK,0.8,0.1717,60.0,2.0
174,UCI,GRAANK,0.8,0.1709,60.0,2.0
480,UCI,GRAANK,0.8,0.1741,60.0,2.0
489,UCI,GRAANK,0.8,0.176,60.0,2.0
529,UCI,GRAANK,0.8,0.1685,60.0,2.0
600,UCI,GRAANK,0.8,0.1928,60.0,2.0
620,UCI,GRAANK,0.8,0.178,60.0,2.0
623,UCI,GRAANK,0.8,0.1685,60.0,2.0
86,UCI,LCM-GRAD,0.8,216.17,26590.0,8.0
104,UCI,LCM-GRAD,0.8,220.72,26590.0,8.0
192,UCI,LCM-GRAD,0.8,214.55,26590.0,8.0
199,UCI,LCM-GRAD,0.8,213.24,26590.0,8.0
238,UCI,LCM-GRAD,0.8,221.24,26590.0,8.0
415,UCI,LCM-GRAD,0.8,209.41,26590.0,8.0
491,UCI,LCM-GRAD,0.8,211.4,26590.0,8.0
604,UCI,LCM-GRAD,0.8,214.93,26590.0,8.0
654,UCI,LCM-GRAD,0.8,217.91,26590.0,8.0
10,UCI,ACO-GRAANK,0.9,0.1662,183.2,1.0
212,UCI,ACO-GRAANK,0.9,0.1497,165.7,0.0
227,UCI,ACO-GRAANK,0.9,0.11,114.9,0.0
269,UCI,ACO-GRAANK,0.9,0.124,132.9,1.0
316,UCI,ACO-GRAANK,0.9,0.2111,185.9,1.0
342,UCI,ACO-GRAANK,0.9,0.1605,139.7,0.0
421,UCI,ACO-GRAANK,0.9,0.1391,131.1,1.0
643,UCI,ACO-GRAANK,0.9,0.1534,152.4,1.0
648,UCI,ACO-GRAANK,0.9,0.0771,112.1,1.0
45,UCI,ACO-LCM,0.9,21.14,1234.0,2.0
157,UCI,ACO-LCM,0.9,22.379,1234.0,2.0
245,UCI,ACO-LCM,0.9,21.293,1232.0,1.0
323,UCI,ACO-LCM,0.9,20.739,1232.0,1.0
371,UCI,ACO-LCM,0.9,23.23,1235.0,3.0
559,UCI,ACO-LCM,0.9,20.653,1232.0,1.0
576,UCI,ACO-LCM,0.9,22.264,1234.0,2.0
585,UCI,ACO-LCM,0.9,21.469,1232.0,1.0
615,UCI,ACO-LCM,0.9,22.978,1235.0,3.0
131,UCI,GRAANK,0.9,0.1745,60.0,2.0
200,UCI,GRAANK,0.9,0.1688,60.0,2.0
211,UCI,GRAANK,0.9,0.1887,60.0,2.0
274,UCI,GRAANK,0.9,0.1931,60.0,2.0
292,UCI,GRAANK,0.9,0.1711,60.0,2.0
344,UCI,GRAANK,0.9,0.1693,60.0,2.0
519,UCI,GRAANK,0.9,0.1709,60.0,2.0
567,UCI,GRAANK,0.9,0.1699,60.0,2.0
646,UCI,GRAANK,0.9,0.1697,60.0,2.0
165,UCI,LCM-GRAD,0.9,213.0,26590.0,8.0
196,UCI,LCM-GRAD,0.9,216.31,26590.0,8.0
296,UCI,LCM-GRAD,0.9,225.29,26590.0,8.0
299,UCI,LCM-GRAD,0.9,210.08,26590.0,8.0
432,UCI,LCM-GRAD,0.9,215.87,26590.0,8.0
509,UCI,LCM-GRAD,0.9,215.3,26590.0,8.0
522,UCI,LCM-GRAD,0.9,219.72,26590.0,8.0
574,UCI,LCM-GRAD,0.9,210.54,26590.0,8.0
668,UCI,LCM-GRAD,0.9,218.01,26590.0,8.0
